benchmark_name,split,split_protocol,row_uid,source_file,source_sheet,source_row,Unnamed: 0,self_id,chem_A,chem_A_CAS,chem_A_ratio,chem_B,chem_B_CAS,chem_B_ratio,chem_C,chem_C_CAS,chem_C_ratio,Particle_size_nm,PDI,Total_concentration_mM,pH_value,Temperature_C,Polymerization_time_min,chem_A_SMILES,chem_B_SMILES,chem_C_SMILES,DOI,label_nm,label_pdi,label,source_dataset_split,source_dataset_index,doi,doi_required,open,authorization_basis,addition_reason,benchmark_index,manifest_split,selection_rule
NSA-Bench-Small,val,frozen_public_train47_benchmark50_seed3407,26c9dd34fd9301ec4e590f23f318e693e3c868ca2bf27138b6cac4ab126fcfff,benchmark.xlsx,open_train,2,,self_00177,(s)-10-hydroxycamptothecin,64439-81-2,4,chlorin e6,19660-77-6,1,,,,200,0.194,,7.4,25,9.5,CC[C@@]1(C2=C(COC1=O)C(=O)N3CC4=C(C3=C2)N=C5C=CC(=CC5=C4)O)O,CCc1c(C)c2[nH]c1cc3nc(c(CC(O)=O)c4nc(cc5[nH]c(c2)c(C=C)c5C)C(C)C4CCC(O)=O)c(C(O)=O)c3C,,10.2147/IJN.S224704,1,1,1,train,0,10.2147/IJN.S224704,True,True,xlsx_open_train_sheet,original_open_candidate,0,benchmark50,doi_and_unordered_pair_grouped_seed3407_50rows_20positive
NSA-Bench-Small,val,frozen_public_train47_benchmark50_seed3407,58db3a7ff92e815793e352bb665fbe942a1d1994b3fc8e1d32297d1a26e3e329,benchmark.xlsx,open_train,3,,self_00178,(s)-10-hydroxycamptothecin,64439-81-2,3,chlorin e6,19660-77-6,1,,,,165.9,0.179,,7.4,25,9.5,CC[C@@]1(C2=C(COC1=O)C(=O)N3CC4=C(C3=C2)N=C5C=CC(=CC5=C4)O)O,CCc1c(C)c2[nH]c1cc3nc(c(CC(O)=O)c4nc(cc5[nH]c(c2)c(C=C)c5C)C(C)C4CCC(O)=O)c(C(O)=O)c3C,,10.2147/IJN.S224704,1,1,1,train,1,10.2147/IJN.S224704,True,True,xlsx_open_train_sheet,original_open_candidate,1,benchmark50,doi_and_unordered_pair_grouped_seed3407_50rows_20positive
NSA-Bench-Small,val,frozen_public_train47_benchmark50_seed3407,4515b51be527dfb26ed0ea453cf4104c0b50ab67fb5bcaae3cfa6563bdbc4505,benchmark.xlsx,open_train,4,,self_00179,(s)-10-hydroxycamptothecin,64439-81-2,2,chlorin e6,19660-77-6,1,,,,170.9,0.205,,7.4,25,9.5,CC[C@@]1(C2=C(COC1=O)C(=O)N3CC4=C(C3=C2)N=C5C=CC(=CC5=C4)O)O,CCc1c(C)c2[nH]c1cc3nc(c(CC(O)=O)c4nc(cc5[nH]c(c2)c(C=C)c5C)C(C)C4CCC(O)=O)c(C(O)=O)c3C,,10.2147/IJN.S224704,1,1,1,train,2,10.2147/IJN.S224704,True,True,xlsx_open_train_sheet,original_open_candidate,2,benchmark50,doi_and_unordered_pair_grouped_seed3407_50rows_20positive
NSA-Bench-Small,val,frozen_public_train47_benchmark50_seed3407,7239c37540e8f3dd610668f60df7783e0d52f32c1b41fa0022c75830ebdbf5e9,benchmark.xlsx,open_train,5,,self_00180,(s)-10-hydroxycamptothecin,64439-81-2,1,chlorin e6,19660-77-6,1,,,,174.7,0.211,,7.4,25,9.5,CC[C@@]1(C2=C(COC1=O)C(=O)N3CC4=C(C3=C2)N=C5C=CC(=CC5=C4)O)O,CCc1c(C)c2[nH]c1cc3nc(c(CC(O)=O)c4nc(cc5[nH]c(c2)c(C=C)c5C)C(C)C4CCC(O)=O)c(C(O)=O)c3C,,10.2147/IJN.S224704,1,1,1,train,3,10.2147/IJN.S224704,True,True,xlsx_open_train_sheet,original_open_candidate,3,benchmark50,doi_and_unordered_pair_grouped_seed3407_50rows_20positive
NSA-Bench-Small,train,frozen_public_train47_benchmark50_seed3407,28f690dadfd4fb12c19b373eabf287e4d9fa73793761ab3b3b9fa7cb3f162bd7,benchmark.xlsx,open_train,6,,self_00192,Indocyanine Green,3599-32-4,1,Paclitaxel,33069-62-4,5,,,,176,0.331,0.5,7.4,25,60,CC1(C(=[N+](C2=C1C3=CC=CC=C3C=C2)CCCCS(=O)(=O)[O-])/C=C/C=C/C=C/C=C\4/C(C5=C(N4CCCCS(=O)(=O)[O-])C=CC6=CC=CC=C65)(C)C)C.[Na+],CC(=O)O[C@H]1C(=O)[C@]2(C)[C@@H](O)C[C@H]3OC[C@@]3(OC(C)=O)C2[C@H](OC(=O)c4ccccc4)[C@]5(O)C[C@H](OC(=O)[C@H](O)[C@@H](NC(=O)c6ccccc6)c7ccccc7)C(=C1C5(C)C)C,,10.1039/c9tb00687g,1,1,1,train,4,10.1039/c9tb00687g,True,True,xlsx_open_train_sheet,original_open_candidate,4,public_train47,complement_of_frozen_benchmark50
NSA-Bench-Small,train,frozen_public_train47_benchmark50_seed3407,c65d670672f01f7e640916a1c7b4bc230ad255933d5de8bc4cbcf37dca056769,benchmark.xlsx,open_train,7,,self_00193,Indocyanine Green,3599-32-4,1,Paclitaxel,33069-62-4,4,,,,176,0.33,0.5,7.4,25,60,CC1(C(=[N+](C2=C1C3=CC=CC=C3C=C2)CCCCS(=O)(=O)[O-])/C=C/C=C/C=C/C=C\4/C(C5=C(N4CCCCS(=O)(=O)[O-])C=CC6=CC=CC=C65)(C)C)C.[Na+],CC(=O)O[C@H]1C(=O)[C@]2(C)[C@@H](O)C[C@H]3OC[C@@]3(OC(C)=O)C2[C@H](OC(=O)c4ccccc4)[C@]5(O)C[C@H](OC(=O)[C@H](O)[C@@H](NC(=O)c6ccccc6)c7ccccc7)C(=C1C5(C)C)C,,10.1039/c9tb00687g,1,1,1,train,5,10.1039/c9tb00687g,True,True,xlsx_open_train_sheet,original_open_candidate,5,public_train47,complement_of_frozen_benchmark50
NSA-Bench-Small,train,frozen_public_train47_benchmark50_seed3407,6ac0fa68d73eaf5c2540380d224c38d1a9a7ff008ec0aed2694accdd21fe0d8f,benchmark.xlsx,open_train,8,,self_00194,Indocyanine Green,3599-32-4,1,Paclitaxel,33069-62-4,3,,,,194,0.32,0.5,7.4,25,60,CC1(C(=[N+](C2=C1C3=CC=CC=C3C=C2)CCCCS(=O)(=O)[O-])/C=C/C=C/C=C/C=C\4/C(C5=C(N4CCCCS(=O)(=O)[O-])C=CC6=CC=CC=C65)(C)C)C.[Na+],CC(=O)O[C@H]1C(=O)[C@]2(C)[C@@H](O)C[C@H]3OC[C@@]3(OC(C)=O)C2[C@H](OC(=O)c4ccccc4)[C@]5(O)C[C@H](OC(=O)[C@H](O)[C@@H](NC(=O)c6ccccc6)c7ccccc7)C(=C1C5(C)C)C,,10.1039/c9tb00687g,1,1,1,train,6,10.1039/c9tb00687g,True,True,xlsx_open_train_sheet,original_open_candidate,6,public_train47,complement_of_frozen_benchmark50
NSA-Bench-Small,train,frozen_public_train47_benchmark50_seed3407,9b7e170a8976761f707e96cef91ffbfd906ce68b6fadd1ce97b864882ee81f75,benchmark.xlsx,open_train,9,,self_00195,Indocyanine Green,3599-32-4,1,Paclitaxel,33069-62-4,2,,,,196,0.293,0.5,7.4,25,60,CC1(C(=[N+](C2=C1C3=CC=CC=C3C=C2)CCCCS(=O)(=O)[O-])/C=C/C=C/C=C/C=C\4/C(C5=C(N4CCCCS(=O)(=O)[O-])C=CC6=CC=CC=C65)(C)C)C.[Na+],CC(=O)O[C@H]1C(=O)[C@]2(C)[C@@H](O)C[C@H]3OC[C@@]3(OC(C)=O)C2[C@H](OC(=O)c4ccccc4)[C@]5(O)C[C@H](OC(=O)[C@H](O)[C@@H](NC(=O)c6ccccc6)c7ccccc7)C(=C1C5(C)C)C,,10.1039/c9tb00687g,1,1,1,train,7,10.1039/c9tb00687g,True,True,xlsx_open_train_sheet,original_open_candidate,7,public_train47,complement_of_frozen_benchmark50
NSA-Bench-Small,train,frozen_public_train47_benchmark50_seed3407,eebef768321c8b5c97598c2b9fadc3b0ac75c50c0e21fb3f2d3b47b46c1ae2dc,benchmark.xlsx,open_train,10,,self_00174,oleanolic acid,508-02-1,2.5,chlorin e6,19660-77-6,1,,,,103,0.29,,7,25,,CC1(C)CC[C@@]2(CC[C@]3(C)C(=CC[C@@H]4[C@@]5(C)CC[C@H](O)C(C)(C)[C@@H]5CC[C@@]34C)[C@@H]2C1)C(O)=O,CCc1c(C)c2[nH]c1cc3nc(c(CC(O)=O)c4nc(cc5[nH]c(c2)c(C=C)c5C)C(C)C4CCC(O)=O)c(C(O)=O)c3C,,10.1016/j.phymed.2021.153788,1,1,1,train,11,10.1016/j.phymed.2021.153788,True,True,xlsx_open_train_sheet,original_open_candidate,8,public_train47,complement_of_frozen_benchmark50
NSA-Bench-Small,train,frozen_public_train47_benchmark50_seed3407,afa413253b9b392e93fbebbaf63f44f4c96615ff049865c7bf105f52aa1f36b6,benchmark.xlsx,open_train,11,,self_00175,oleanolic acid,508-02-1,5,chlorin e6,19660-77-6,1,,,,94.4,0.17,,7,25,,CC1(C)CC[C@@]2(CC[C@]3(C)C(=CC[C@@H]4[C@@]5(C)CC[C@H](O)C(C)(C)[C@@H]5CC[C@@]34C)[C@@H]2C1)C(O)=O,CCc1c(C)c2[nH]c1cc3nc(c(CC(O)=O)c4nc(cc5[nH]c(c2)c(C=C)c5C)C(C)C4CCC(O)=O)c(C(O)=O)c3C,,10.1016/j.phymed.2021.153788,1,1,1,train,12,10.1016/j.phymed.2021.153788,True,True,xlsx_open_train_sheet,original_open_candidate,9,public_train47,complement_of_frozen_benchmark50
NSA-Bench-Small,train,frozen_public_train47_benchmark50_seed3407,00fe3cca8d5867979d779cbf32daf00ed94c8cad54ed1799bed1ae36d2038906,benchmark.xlsx,open_train,12,,self_00139,Camptothecine,7689-03-4,1,5101520-tetrakis(pentafluorophenyl)porph yrin fe(iii) cl com,36965-71-6,1,,,,87.8,0.2,1,7.4,25,10,CC[C@@]1(O)C(=O)OCC2=C1C=C3N(Cc4cc5ccccc5nc34)C2=O,C1=CC2=CC3=NC(=C(C4=C(C(=C(N4C5=C(C(=C(C(=C5F)F)F)F)F)C=C6C=CC(=N6)C=C1N2)C7=C(C(=C(C(=C7F)F)F)F)F)C8=C(C(=C(C(=C8F)F)F)F)F)C9=C(C(=C(C(=C9F)F)F)F)F)C=C3.[Cl-].[Cl-].[Fe+2],,10.1016/j.nantod.2022.101732,1,1,1,train,13,10.1016/j.nantod.2022.101732,True,True,xlsx_open_train_sheet,original_open_candidate,10,public_train47,complement_of_frozen_benchmark50
NSA-Bench-Small,val,frozen_public_train47_benchmark50_seed3407,cda8ba5b775cf11779465bd178ce9c704296aa4e4a9e05ad8b888f6317dfc2ef,benchmark.xlsx,open_train,13,,self_00210,Gambogic acid,2752-65-0,1,glycyrrhizic acid,1405-86-3,0.5,,,,197.8,,,7,4,30,CC(C)=CCC[C@@]1(C)Oc2c(CC=C(C)C)c3O[C@@]45C6CC(C=C4C(=O)c3c(O)c2C=C1)C(=O)C5(C\C=C(\C)C(O)=O)OC6(C)C,CC1(C)[C@H](CC[C@@]2(C)[C@H]1CC[C@]3(C)[C@@H]2C(=O)C=C4[C@@H]5C[C@](C)(CC[C@]5(C)CC[C@@]34C)C(O)=O)O[C@H]6O[C@@H]([C@@H](O)[C@H](O)[C@H]6O[C@@H]7O[C@@H]([C@@H](O)[C@H](O)[C@H]7O)C(O)=O)C(O)=O,,10.1016/j.mtbio.2025.102278,1,1,1,train,14,10.1016/j.mtbio.2025.102278,True,True,xlsx_open_train_sheet,original_open_candidate,11,benchmark50,doi_and_unordered_pair_grouped_seed3407_50rows_20positive
NSA-Bench-Small,train,frozen_public_train47_benchmark50_seed3407,1c10e9762d71a5229739aa098d6178dd4a218290a34ed1b4ef8f99ad1a6e72ea,benchmark.xlsx,open_train,14,,self_00220,metformin,657-24-9,54.4,(-)-epigallocatechin gallate,989-51-5,75,,,,190,,0.5590,7,25,480,CN(C)C(=N)N=C(N)N,Oc1cc(O)c2C[C@@H](OC(=O)c3cc(O)c(O)c(O)c3)[C@H](Oc2c1)c4cc(O)c(O)c(O)c4,,10.1016/j.mtbio.2025.102052,1,1,1,train,15,10.1016/j.mtbio.2025.102052,True,True,xlsx_open_train_sheet,original_open_candidate,12,public_train47,complement_of_frozen_benchmark50
NSA-Bench-Small,val,frozen_public_train47_benchmark50_seed3407,786cac6e676dcfffacc6c758796afe073b2c789b65654c5cb941443179d53d22,benchmark.xlsx,open_train,15,,self_00130,Berberine ,2086-83-1,1,oleanolic acid,508-02-1,1,,,,129.6,0.1723,1,7.5,60,30,COc1ccc2cc3c4cc5OCOc5cc4CC[n+]3cc2c1OC,CC1(C)CC[C@@]2(CC[C@]3(C)C(=CC[C@@H]4[C@@]5(C)CC[C@H](O)C(C)(C)[C@@H]5CC[C@@]34C)[C@@H]2C1)C(O)=O,,10.1016/j.molstruc.2025.144577,1,1,1,train,16,10.1016/j.molstruc.2025.144577,True,True,xlsx_open_train_sheet,original_open_candidate,13,benchmark50,doi_and_unordered_pair_grouped_seed3407_50rows_20positive
NSA-Bench-Small,val,frozen_public_train47_benchmark50_seed3407,7fd3df3b71b8bff0c33d87a38bfd059f0de8f9adc2c036c9f51e9b570e1ed330,benchmark.xlsx,open_train,16,,self_00223,Berberine,2086-83-1,1,oleanolic acid,508-02-1,1,,,,129.6,0.1723,,7.5,60,30,COc1ccc2cc3c4cc5OCOc5cc4CC[n+]3cc2c1OC,CC1(C)CC[C@@]2(CC[C@]3(C)C(=CC[C@@H]4[C@@]5(C)CC[C@H](O)C(C)(C)[C@@H]5CC[C@@]34C)[C@@H]2C1)C(O)=O,,10.1016/j.molstruc.2025.144577,1,1,1,train,17,10.1016/j.molstruc.2025.144577,True,True,xlsx_open_train_sheet,original_open_candidate,14,benchmark50,doi_and_unordered_pair_grouped_seed3407_50rows_20positive
NSA-Bench-Small,val,frozen_public_train47_benchmark50_seed3407,c9480814e80bb2e552b900071e7c773d41a422bfcfd9c031cf74f3615dfabb86,benchmark.xlsx,open_train,17,,self_00156,quercetin,117-39-5,5,Poly(ethylene glycol),25322-68-3,1,,,,146,0.258,,7.4,25,5,Oc1cc(O)c2C(=O)C(=C(Oc2c1)c3ccc(O)c(O)c3)O,OCCO,,10.1016/j.cej.2023.142697,1,1,1,train,32,10.1016/j.cej.2023.142697,True,True,xlsx_open_train_sheet,original_open_candidate,15,benchmark50,doi_and_unordered_pair_grouped_seed3407_50rows_20positive
NSA-Bench-Small,val,frozen_public_train47_benchmark50_seed3407,fc433b0078a449fd5b2c7265418399983c9deab03bd59d63aee631548d3cd323,benchmark.xlsx,open_train,18,,self_00181,pyropheophorbide a,24533-72-0,2,Etoposide,33419-42-0,1,,,,128.6,,,7.4,37,,CCc1c(C)c2[nH]c1cc3nc4c(CC(=O)c4c3C)c5nc(cc6[nH]c(c2)c(C=C)c6C)[C@@H](C)[C@@H]5CCC(O)=O,COc1cc(cc(OC)c1O)[C@H]2[C@@H]3[C@H](COC3=O)[C@H](O[C@@H]4O[C@@H]5CO[C@@H](C)O[C@H]5[C@H](O)[C@H]4O)c6cc7OCOc7cc26,,10.1016/j.cej.2021.130838,1,1,1,train,33,10.1016/j.cej.2021.130838,True,True,xlsx_open_train_sheet,original_open_candidate,16,benchmark50,doi_and_unordered_pair_grouped_seed3407_50rows_20positive
NSA-Bench-Small,val,frozen_public_train47_benchmark50_seed3407,2184b1983cf69083ef968647e991e8feab1712c2f1c74c91d56560706c799ed9,benchmark.xlsx,open_train,19,,self_00214,Luteolin,491-70-3,2,18-Beta-Glycyrrhetinic acid,471-53-4,1,,,,251,0.135,,7.4,25,,Oc1cc(O)c2C(=O)C=C(Oc2c1)c3ccc(O)c(O)c3,CC1(C)[C@@H](O)CC[C@@]2(C)[C@H]1CC[C@]3(C)[C@@H]2C(=O)C=C4[C@@H]5C[C@](C)(CC[C@]5(C)CC[C@@]34C)C(O)=O,,10.1016/j.cclet.2025.111325,1,1,1,train,34,10.1016/j.cclet.2025.111325,True,True,xlsx_open_train_sheet,original_open_candidate,17,benchmark50,doi_and_unordered_pair_grouped_seed3407_50rows_20positive
NSA-Bench-Small,val,frozen_public_train47_benchmark50_seed3407,2b1d8633ea61275e750f93857db4fe466b861595554c9bcd8e41777089aea1fb,benchmark.xlsx,open_train,20,,self_00215,Luteolin,491-70-3,1,18-Beta-Glycyrrhetinic acid,471-53-4,1,,,,248,0.202,,7.4,25,,Oc1cc(O)c2C(=O)C=C(Oc2c1)c3ccc(O)c(O)c3,CC1(C)[C@@H](O)CC[C@@]2(C)[C@H]1CC[C@]3(C)[C@@H]2C(=O)C=C4[C@@H]5C[C@](C)(CC[C@]5(C)CC[C@@]34C)C(O)=O,,10.1016/j.cclet.2025.111325,1,1,1,train,35,10.1016/j.cclet.2025.111325,True,True,xlsx_open_train_sheet,original_open_candidate,18,benchmark50,doi_and_unordered_pair_grouped_seed3407_50rows_20positive
NSA-Bench-Small,val,frozen_public_train47_benchmark50_seed3407,bb973e07631c467de87dad9b4002bd9d6255596396dd8fe2368e3a10e07a5207,benchmark.xlsx,open_train,21,,self_00216,Luteolin,491-70-3,1,18-Beta-Glycyrrhetinic acid,471-53-4,2,,,,245.6,0.15,,7.4,25,,Oc1cc(O)c2C(=O)C=C(Oc2c1)c3ccc(O)c(O)c3,CC1(C)[C@@H](O)CC[C@@]2(C)[C@H]1CC[C@]3(C)[C@@H]2C(=O)C=C4[C@@H]5C[C@](C)(CC[C@]5(C)CC[C@@]34C)C(O)=O,,10.1016/j.cclet.2025.111325,1,1,1,train,36,10.1016/j.cclet.2025.111325,True,True,xlsx_open_train_sheet,original_open_candidate,19,benchmark50,doi_and_unordered_pair_grouped_seed3407_50rows_20positive
NSA-Bench-Small,train,frozen_public_train47_benchmark50_seed3407,14f6154427e9ebc2a5608179f6e884e18c87123c5d358c46d21f4872e29afeae,benchmark.xlsx,open_train,22,,self_00142,Artesunate,88495-63-0,1,Gemcitabine,95058-81-4,1,,,,92.8,,,7.4,25,,C[C@@H]1CC[C@H]2[C@@H](C)[C@H](O[C@@H]3OC4(C)CC[C@@H]1[C@@]23OO4)OC(=O)CCC(O)=O,NC1=NC(=O)N(C=C1)[C@@H]2O[C@H](CO)[C@@H](O)C2(F)F,,10.1016/j.cclet.2023.108184,1,1,1,train,37,10.1016/j.cclet.2023.108184,True,True,xlsx_open_train_sheet,original_open_candidate,20,public_train47,complement_of_frozen_benchmark50
NSA-Bench-Small,train,frozen_public_train47_benchmark50_seed3407,48a09248c52604b625cf6859a435ad0ef68c495d69a204d1bf07625700937c46,benchmark.xlsx,open_train,23,,self_00209,oleanolic acid,508-02-1,5,Evodiamine,518-17-2,3,,,,380,0.22,,7,2,480,CC1(C)CC[C@@]2(CC[C@]3(C)C(=CC[C@@H]4[C@@]5(C)CC[C@H](O)C(C)(C)[C@@H]5CC[C@@]34C)[C@@H]2C1)C(O)=O,CN1[C@H]2N(CCc3c2[nH]c4ccccc34)C(=O)c5ccccc15,,10.1016/j.jddst.2025.107230,0,1,0,train,51,10.1016/j.jddst.2025.107230,False,True,xlsx_open_train_sheet,original_open_candidate,21,public_train47,complement_of_frozen_benchmark50
NSA-Bench-Small,train,frozen_public_train47_benchmark50_seed3407,41a648dedf893132a12f80ee325b47504a28a25e03ee1dd615cd57fc123d5f41,benchmark.xlsx,open_train,24,,self_00212,Celastrol,34157-83-0,1,Curcumin,458-37-7,1,,,,736,,,7,30,120,CC1=C(O)C(=O)C=C2C1=CC=C3[C@@]2(C)CC[C@@]4(C)[C@@H]5C[C@@](C)(CC[C@]5(C)CC[C@]34C)C(O)=O,COc1cc(\C=C\C(O)=C\C(=O)/C=C/c2ccc(O)c(OC)c2)ccc1O,,10.1016/j.ijpharm.2025.125289,0,1,0,train,52,10.1016/j.ijpharm.2025.125289,False,True,xlsx_open_train_sheet,original_open_candidate,22,public_train47,complement_of_frozen_benchmark50
NSA-Bench-Small,train,frozen_public_train47_benchmark50_seed3407,f388cef4fe5861b7e3da3decb090cc80b57a8a6fce9741e82f572c2681800e5f,benchmark.xlsx,open_train,25,,self_00164,Berberine,2086-83-1,2,(+)-catechin hydrate,88191-48-4,1,,,,341,0.158,,7.4,60,60,COc1ccc2cc3c4cc5OCOc5cc4CC[n+]3cc2c1OC,O.O[C@H]1Cc2c(O)cc(O)cc2O[C@@H]1c3ccc(O)c(O)c3,,10.1016/j.colsurfa.2024.134555,0,1,0,train,53,10.1016/j.colsurfa.2024.134555,False,True,xlsx_open_train_sheet,original_open_candidate,23,public_train47,complement_of_frozen_benchmark50
NSA-Bench-Small,train,frozen_public_train47_benchmark50_seed3407,e43a01557d6614a4310e02a6b9f203bc66f0331062a8c9254523a77254665523,benchmark.xlsx,open_train,26,,self_00136,7-Ethyl-10-hydroxycamptothecin,86639-52-3,1,Hydroxy Chloroquine,204-249-8,5,,,,55,1.15,,7.4,70,40,CCc1c2CN3C(=O)C4=C(C=C3c2nc5ccc(O)cc15)[C@@](O)(CC)C(=O)OC4,CCN(CCCC(C)NC1=C2C=CC(=CC2=NC=C1)Cl)CCO,,10.1016/j.biomaterials.2022.121458,1,0,0,train,54,10.1016/j.biomaterials.2022.121458,False,True,xlsx_open_train_sheet,original_open_candidate,24,public_train47,complement_of_frozen_benchmark50
NSA-Bench-Small,val,frozen_public_train47_benchmark50_seed3407,1ba1f97c5343133e835c0f0b94f61e84452b6fb2b9a30bdd438d7f304a55e84b,benchmark.xlsx,open_train,27,,self_00291,Emodin (10mM),518-82-1,1,Shikonin (10mM),517-89-5,3,,,,158.9,0.133,20,7,25,3,Cc1cc(O)c2C(=O)c3c(O)cc(O)cc3C(=O)c2c1,CC(C)=CCC(O)C1=CC(=O)c2c(O)ccc(O)c2C1=O,,,1,0,0,train,194,,False,True,xlsx_open_train_sheet,original_open_candidate,25,benchmark50,doi_and_unordered_pair_grouped_seed3407_50rows_20positive
NSA-Bench-Small,val,frozen_public_train47_benchmark50_seed3407,d2e25baaaa3d1ffcd29b66b9e20d9038808a587c980d09b8b47611067e6b4c16,benchmark.xlsx,open_train,28,,self_00292,Emodin (10mM),518-82-1,1,Shikonin (10mM),517-89-5,4,,,,325.9,0.119,20,7,25,3,Cc1cc(O)c2C(=O)c3c(O)cc(O)cc3C(=O)c2c1,CC(C)=CCC(O)C1=CC(=O)c2c(O)ccc(O)c2C1=O,,,0,0,0,train,195,,False,True,xlsx_open_train_sheet,original_open_candidate,26,benchmark50,doi_and_unordered_pair_grouped_seed3407_50rows_20positive
NSA-Bench-Small,val,frozen_public_train47_benchmark50_seed3407,656f64d8d51d609530ba76b21e8aa93b6f15fb9f97f61ed0476ad4d3d9cebe92,benchmark.xlsx,open_train,29,,self_00293,Astragaloside IV (3mg),83207-58-3,1,Tanshinone IIA (1mg),568-72-9,1,,,,223.1,0.201,4mg,7,25,3,CC(C)(O)[C@@H]1CC[C@@](C)(O1)[C@H]2[C@@H](O)C[C@@]3(C)[C@@H]4C[C@H](O[C@@H]5O[C@H](CO)C(O)[C@H](O)C5O)[C@H]6C(C)(C)[C@H](CC[C@@]67C[C@@]47CC[C@]23C)O[C@@H]8OC[C@@H](O)[C@H](O)[C@H]8O,Cc1coc2c3ccc4c(CCCC4(C)C)c3C(=O)C(=O)c12,,,1,0,0,train,196,,False,True,xlsx_open_train_sheet,original_open_candidate,27,benchmark50,doi_and_unordered_pair_grouped_seed3407_50rows_20positive
NSA-Bench-Small,train,frozen_public_train47_benchmark50_seed3407,db0370f1eb6c2bfe924691e8cd1e6822acce6c4e71a4f11e8b4f8b9ad7e045b2,benchmark.xlsx,open_train,30,,self_00294,Artesunate,,2,Baicalin,,1,,,,9999,,30,7.4,40,3,C[C@@H]1CC[C@H]2[C@@H](C)[C@H](O[C@@H]3OC4(C)CC[C@@H]1[C@@]23OO4)OC(=O)CCC(O)=O,O[C@@H]1[C@@H](O)[C@@H](O[C@@H]([C@H]1O)C(O)=O)Oc2cc3OC(=CC(=O)c3c(O)c2O)c4ccccc4,,,0,1,0,train,197,,False,True,xlsx_open_train_sheet,original_open_candidate,28,public_train47,complement_of_frozen_benchmark50
NSA-Bench-Small,train,frozen_public_train47_benchmark50_seed3407,685e503ece6ff5866ff354b899fd34669c17f8b1f231763cdcd57571d3e9f6b0,benchmark.xlsx,open_train,31,,self_00295,Artesunate,,1,Baicalin,,1,,,,9999,,20,7.4,40,3,C[C@@H]1CC[C@H]2[C@@H](C)[C@H](O[C@@H]3OC4(C)CC[C@@H]1[C@@]23OO4)OC(=O)CCC(O)=O,O[C@@H]1[C@@H](O)[C@@H](O[C@@H]([C@H]1O)C(O)=O)Oc2cc3OC(=CC(=O)c3c(O)c2O)c4ccccc4,,,0,1,0,train,198,,False,True,xlsx_open_train_sheet,original_open_candidate,29,public_train47,complement_of_frozen_benchmark50
NSA-Bench-Small,train,frozen_public_train47_benchmark50_seed3407,7fd30016cadece58a9b45821456a9d44017e64fbaf0556ec30e041e29c489ff6,benchmark.xlsx,open_train,32,,self_00296,Artesunate,,1,Baicalin,,2,,,,9999,,30,7.4,40,3,C[C@@H]1CC[C@H]2[C@@H](C)[C@H](O[C@@H]3OC4(C)CC[C@@H]1[C@@]23OO4)OC(=O)CCC(O)=O,O[C@@H]1[C@@H](O)[C@@H](O[C@@H]([C@H]1O)C(O)=O)Oc2cc3OC(=CC(=O)c3c(O)c2O)c4ccccc4,,,0,1,0,train,199,,False,True,xlsx_open_train_sheet,original_open_candidate,30,public_train47,complement_of_frozen_benchmark50
NSA-Bench-Small,train,frozen_public_train47_benchmark50_seed3407,231b1dca6abd65e2d5f8b069c0efaf66cbc6d8cfe80d86b50bf92d5e04f95f8c,benchmark.xlsx,open_train,33,,self_00297,Artesunate,,2,Ginsenoside Rb1,,1,,,,2188,1,30,7.4,40,3,C[C@@H]1CC[C@H]2[C@@H](C)[C@H](O[C@@H]3OC4(C)CC[C@@H]1[C@@]23OO4)OC(=O)CCC(O)=O,CC(C)=CCCC(C)(O[C@@H]1O[C@H](COC2O[C@H](CO)[C@@H](O)[C@H](O)[C@H]2O)[C@@H](O)[C@H](O)[C@H]1O)[C@H]3CC[C@]4(C)[C@@H]3[C@H](O)C[C@@H]5[C@@]6(C)CC[C@H](O[C@@H]7O[C@H](CO)[C@@H](O)[C@H](O)[C@H]7O[C@@H]8O[C@H](CO)[C@@H](O)[C@H](O)[C@H]8O)C(C)(C)[C@@H]6CC[C@@]45C,,,0,0,0,train,200,,False,True,xlsx_open_train_sheet,original_open_candidate,31,public_train47,complement_of_frozen_benchmark50
NSA-Bench-Small,train,frozen_public_train47_benchmark50_seed3407,529a5058887285b826a5f9ec7baf6c80cc5a9c7246d327ecc2278bd0fcb9e7b4,benchmark.xlsx,open_train,34,,self_00298,Artesunate,,1,Ginsenoside Rb1,,1,,,,335.3,0.603,20,7.4,40,3,C[C@@H]1CC[C@H]2[C@@H](C)[C@H](O[C@@H]3OC4(C)CC[C@@H]1[C@@]23OO4)OC(=O)CCC(O)=O,CC(C)=CCCC(C)(O[C@@H]1O[C@H](COC2O[C@H](CO)[C@@H](O)[C@H](O)[C@H]2O)[C@@H](O)[C@H](O)[C@H]1O)[C@H]3CC[C@]4(C)[C@@H]3[C@H](O)C[C@@H]5[C@@]6(C)CC[C@H](O[C@@H]7O[C@H](CO)[C@@H](O)[C@H](O)[C@H]7O[C@@H]8O[C@H](CO)[C@@H](O)[C@H](O)[C@H]8O)C(C)(C)[C@@H]6CC[C@@]45C,,,0,0,0,train,201,,False,True,xlsx_open_train_sheet,original_open_candidate,32,public_train47,complement_of_frozen_benchmark50
NSA-Bench-Small,train,frozen_public_train47_benchmark50_seed3407,d646beec5b9648a6eb54f4725d560a06c15f3ea0aa06c6761c87864db5d8d064,benchmark.xlsx,open_train,35,,self_00316,Artesunate,,1,Ginsenoside Rg1,,1,,,,1200,0.898,20,7.4,40,3,C[C@@H]1CC[C@H]2[C@@H](C)[C@H](O[C@@H]3OC4(C)CC[C@@H]1[C@@]23OO4)OC(=O)CCC(O)=O,[H][C@@]12[C@H](CC[C@@]1(C)[C@]1(C)C[C@H](O[C@@H]3O[C@H](CO)[C@@H](O)[C@H](O)[C@H]3O)[C@@]3([H])C(C)(C)[C@@H](O)CC[C@]3(C)[C@@]1([H])C[C@H]2O)[C@](C)(CCC=C(C)C)O[C@@H]1O[C@H](CO)[C@@H](O)[C@H](O)[C@H]1O,,,0,0,0,train,208,,False,True,xlsx_open_train_sheet,original_open_candidate,33,public_train47,complement_of_frozen_benchmark50
NSA-Bench-Small,train,frozen_public_train47_benchmark50_seed3407,3d2418e1d518e5a7ebcebe3390d0d75ef184f292a670d8b17a0babf4a7d7644d,benchmark.xlsx,open_train,36,,self_00317,Artesunate,,1,Ginsenoside Rg1,,2,,,,116.7,0.407,30,7.4,40,3,C[C@@H]1CC[C@H]2[C@@H](C)[C@H](O[C@@H]3OC4(C)CC[C@@H]1[C@@]23OO4)OC(=O)CCC(O)=O,[H][C@@]12[C@H](CC[C@@]1(C)[C@]1(C)C[C@H](O[C@@H]3O[C@H](CO)[C@@H](O)[C@H](O)[C@H]3O)[C@@]3([H])C(C)(C)[C@@H](O)CC[C@]3(C)[C@@]1([H])C[C@H]2O)[C@](C)(CCC=C(C)C)O[C@@H]1O[C@H](CO)[C@@H](O)[C@H](O)[C@H]1O,,,1,0,0,train,209,,False,True,xlsx_open_train_sheet,original_open_candidate,34,public_train47,complement_of_frozen_benchmark50
NSA-Bench-Small,train,frozen_public_train47_benchmark50_seed3407,18d78e7da74ef17e3cd9ac27fe2c52d345a36f3d485ac222a4ab394d23f17405,benchmark.xlsx,open_train,37,,self_00318,Artesunate,,1,Ginsenoside Rg1,,2.5,,,,115.7,0.444,35,7.4,40,3,C[C@@H]1CC[C@H]2[C@@H](C)[C@H](O[C@@H]3OC4(C)CC[C@@H]1[C@@]23OO4)OC(=O)CCC(O)=O,[H][C@@]12[C@H](CC[C@@]1(C)[C@]1(C)C[C@H](O[C@@H]3O[C@H](CO)[C@@H](O)[C@H](O)[C@H]3O)[C@@]3([H])C(C)(C)[C@@H](O)CC[C@]3(C)[C@@]1([H])C[C@H]2O)[C@](C)(CCC=C(C)C)O[C@@H]1O[C@H](CO)[C@@H](O)[C@H](O)[C@H]1O,,,1,0,0,train,210,,False,True,xlsx_open_train_sheet,original_open_candidate,35,public_train47,complement_of_frozen_benchmark50
NSA-Bench-Small,val,frozen_public_train47_benchmark50_seed3407,daa901e647d964c68f46dba2e73c05acb133c33b1de88e18955e457954641049,benchmark.xlsx,open_train,38,,self_00319,Artesunate,,2,Ginsenoside Rg3,,1,,,,9999,,30,7.4,40,3,C[C@@H]1CC[C@H]2[C@@H](C)[C@H](O[C@@H]3OC4(C)CC[C@@H]1[C@@]23OO4)OC(=O)CCC(O)=O,CC(C)=CCC[C@](C)(O)[C@H]1CC[C@]2(C)[C@@H]1[C@H](O)C[C@@H]1[C@@]3(C)CC[C@H](O[C@@H]4O[C@H](CO)[C@@H](O)[C@H](O)[C@H]4O[C@@H]4O[C@H](CO)[C@@H](O)[C@H](O)[C@H]4O)C(C)(C)[C@@H]3CC[C@@]21C,,,0,1,0,train,211,,False,True,xlsx_open_train_sheet,original_open_candidate,36,benchmark50,doi_and_unordered_pair_grouped_seed3407_50rows_20positive
NSA-Bench-Small,val,frozen_public_train47_benchmark50_seed3407,f4760f98bfe2141644f596816722a6edc0a7b656fadb075f2883f8a5de330e49,benchmark.xlsx,open_train,39,,self_00322,Artesunate,,1,Ginsenoside Rg3,,2.5,,,,9999,,35,7.4,40,3,C[C@@H]1CC[C@H]2[C@@H](C)[C@H](O[C@@H]3OC4(C)CC[C@@H]1[C@@]23OO4)OC(=O)CCC(O)=O,CC(C)=CCC[C@](C)(O)[C@H]1CC[C@]2(C)[C@@H]1[C@H](O)C[C@@H]1[C@@]3(C)CC[C@H](O[C@@H]4O[C@H](CO)[C@@H](O)[C@H](O)[C@H]4O[C@@H]4O[C@H](CO)[C@@H](O)[C@H](O)[C@H]4O)C(C)(C)[C@@H]3CC[C@@]21C,,,0,1,0,train,214,,False,True,xlsx_open_train_sheet,original_open_candidate,37,benchmark50,doi_and_unordered_pair_grouped_seed3407_50rows_20positive
NSA-Bench-Small,val,frozen_public_train47_benchmark50_seed3407,48accee5be91d3f98ea19073ef1a9ceb151c5a706a8099fdc94b10c4a9907ef2,benchmark.xlsx,open_train,40,,self_00323,Shikonin,,2,Ginsenoside Rb1,,1,,,,9999,,30,7.4,40,3,CC(C)=CCC(O)C1=CC(=O)c2c(O)ccc(O)c2C1=O,CC(C)=CCCC(C)(O[C@@H]1O[C@H](COC2O[C@H](CO)[C@@H](O)[C@H](O)[C@H]2O)[C@@H](O)[C@H](O)[C@H]1O)[C@H]3CC[C@]4(C)[C@@H]3[C@H](O)C[C@@H]5[C@@]6(C)CC[C@H](O[C@@H]7O[C@H](CO)[C@@H](O)[C@H](O)[C@H]7O[C@@H]8O[C@H](CO)[C@@H](O)[C@H](O)[C@H]8O)C(C)(C)[C@@H]6CC[C@@]45C,,,0,1,0,train,215,,False,True,xlsx_open_train_sheet,original_open_candidate,38,benchmark50,doi_and_unordered_pair_grouped_seed3407_50rows_20positive
NSA-Bench-Small,val,frozen_public_train47_benchmark50_seed3407,d1c9f3c12d5fb485e275ff3d14be860fbd57ada32b86cff0b5348d4221b6d0c8,benchmark.xlsx,open_train,41,,self_00324,Shikonin,,1,Ginsenoside Rb1,,1,,,,9999,,20,7.4,40,3,CC(C)=CCC(O)C1=CC(=O)c2c(O)ccc(O)c2C1=O,CC(C)=CCCC(C)(O[C@@H]1O[C@H](COC2O[C@H](CO)[C@@H](O)[C@H](O)[C@H]2O)[C@@H](O)[C@H](O)[C@H]1O)[C@H]3CC[C@]4(C)[C@@H]3[C@H](O)C[C@@H]5[C@@]6(C)CC[C@H](O[C@@H]7O[C@H](CO)[C@@H](O)[C@H](O)[C@H]7O[C@@H]8O[C@H](CO)[C@@H](O)[C@H](O)[C@H]8O)C(C)(C)[C@@H]6CC[C@@]45C,,,0,1,0,train,216,,False,True,xlsx_open_train_sheet,original_open_candidate,39,benchmark50,doi_and_unordered_pair_grouped_seed3407_50rows_20positive
NSA-Bench-Small,val,frozen_public_train47_benchmark50_seed3407,a692d3b4e2a0710e1f478cc0c7022e1ce138546609b058463865fe612255fe19,benchmark.xlsx,open_train,42,,self_00325,Shikonin,,1,Ginsenoside Rb1,,2,,,,9999,,30,7.4,40,3,CC(C)=CCC(O)C1=CC(=O)c2c(O)ccc(O)c2C1=O,CC(C)=CCCC(C)(O[C@@H]1O[C@H](COC2O[C@H](CO)[C@@H](O)[C@H](O)[C@H]2O)[C@@H](O)[C@H](O)[C@H]1O)[C@H]3CC[C@]4(C)[C@@H]3[C@H](O)C[C@@H]5[C@@]6(C)CC[C@H](O[C@@H]7O[C@H](CO)[C@@H](O)[C@H](O)[C@H]7O[C@@H]8O[C@H](CO)[C@@H](O)[C@H](O)[C@H]8O)C(C)(C)[C@@H]6CC[C@@]45C,,,0,1,0,train,217,,False,True,xlsx_open_train_sheet,original_open_candidate,40,benchmark50,doi_and_unordered_pair_grouped_seed3407_50rows_20positive
NSA-Bench-Small,val,frozen_public_train47_benchmark50_seed3407,83f31bbd12a8d614bf8150dee22e18bc763b305a39f01dea4fbac68e945c97e6,benchmark.xlsx,open_train,43,,self_00326,Shikonin,,1,Ginsenoside Rb1,,3,,,,9999,,40,7.4,40,3,CC(C)=CCC(O)C1=CC(=O)c2c(O)ccc(O)c2C1=O,CC(C)=CCCC(C)(O[C@@H]1O[C@H](COC2O[C@H](CO)[C@@H](O)[C@H](O)[C@H]2O)[C@@H](O)[C@H](O)[C@H]1O)[C@H]3CC[C@]4(C)[C@@H]3[C@H](O)C[C@@H]5[C@@]6(C)CC[C@H](O[C@@H]7O[C@H](CO)[C@@H](O)[C@H](O)[C@H]7O[C@@H]8O[C@H](CO)[C@@H](O)[C@H](O)[C@H]8O)C(C)(C)[C@@H]6CC[C@@]45C,,,0,1,0,train,218,,False,True,xlsx_open_train_sheet,original_open_candidate,41,benchmark50,doi_and_unordered_pair_grouped_seed3407_50rows_20positive
NSA-Bench-Small,val,frozen_public_train47_benchmark50_seed3407,c324950772b8aea51346f8f3ccd39842e9dbbf4a52b7794ef6e94582c14fb866,benchmark.xlsx,open_train,44,,self_00251,Chlorogenic acid,327-97-9,1,Artemisinin,63968-64-9,0.25,,,,3689,0.622,7.5,7,45,15,O[C@@H]1C[C@](O)(C[C@@H](OC(=O)\C=C\c2ccc(O)c(O)c2)[C@@H]1O)C(O)=O,C[C@@H]1CC[C@H]2[C@@H](C)C(=O)O[C@@H]3O[C@@]4(C)CC[C@@H]1[C@@]23OO4,,,0,0,0,train,161,,False,True,xlsx_open_train_sheet,original_open_candidate,42,benchmark50,doi_and_unordered_pair_grouped_seed3407_50rows_20positive
NSA-Bench-Small,val,frozen_public_train47_benchmark50_seed3407,8e932f173059e7f00f52ba5d728a5b2d1bb5b44cf5fa1961c7bae95e81f0e45c,benchmark.xlsx,open_train,45,,self_00252,Chlorogenic acid,327-97-9,1,Artemisinin,63968-64-9,0.5,,,,542.8,0.5358,7.5,7,45,15,O[C@@H]1C[C@](O)(C[C@@H](OC(=O)\C=C\c2ccc(O)c(O)c2)[C@@H]1O)C(O)=O,C[C@@H]1CC[C@H]2[C@@H](C)C(=O)O[C@@H]3O[C@@]4(C)CC[C@@H]1[C@@]23OO4,,,0,0,0,train,162,,False,True,xlsx_open_train_sheet,original_open_candidate,43,benchmark50,doi_and_unordered_pair_grouped_seed3407_50rows_20positive
NSA-Bench-Small,val,frozen_public_train47_benchmark50_seed3407,cb1e1e1bbd52ca7bc3107fbcdd2b134914afd13623f7859d75a922bf50588c55,benchmark.xlsx,open_train,46,,self_00253,Chlorogenic acid,327-97-9,1.5,Artemisinin,63968-64-9,0.5,,,,405.5,0.5322,7.5,7,45,15,O[C@@H]1C[C@](O)(C[C@@H](OC(=O)\C=C\c2ccc(O)c(O)c2)[C@@H]1O)C(O)=O,C[C@@H]1CC[C@H]2[C@@H](C)C(=O)O[C@@H]3O[C@@]4(C)CC[C@@H]1[C@@]23OO4,,,0,0,0,train,163,,False,True,xlsx_open_train_sheet,original_open_candidate,44,benchmark50,doi_and_unordered_pair_grouped_seed3407_50rows_20positive
NSA-Bench-Small,train,frozen_public_train47_benchmark50_seed3407,8c97634a7fdfadcbdbae104c2db1d17a4ea3f1f1b098227446773899b785b672,benchmark.xlsx,open_train,47,,self_00006,Artesunate,88495-63-0,1,Puerarin,3681-99-0,1,,,,7600,0.82,20,7,37,5,C[C@@H]1CC[C@H]2[C@@H](C)[C@H](O[C@@H]3OC4(C)CC[C@@H]1[C@@]23OO4)OC(=O)CCC(O)=O,OC[C@H]1O[C@H]([C@H](O)[C@@H](O)[C@@H]1O)c2c(O)ccc3C(=O)C(=COc23)c4ccc(O)cc4,,,0,0,0,train,97,,False,True,xlsx_open_train_sheet,original_open_candidate,45,public_train47,complement_of_frozen_benchmark50
NSA-Bench-Small,train,frozen_public_train47_benchmark50_seed3407,50a0ee291331adb955d83395070bfb409eaa312297fd6e3bf643e5710bb71563,benchmark.xlsx,open_train,48,,self_00007,Ginsenoside Re,52286-59-6,1,Artesunate,88495-63-0,1,,,,6011,0.22,20,7,37,5,C[C@@H]1O[C@@H](O[C@@H]2[C@@H](O)[C@H](O)[C@@H](CO)O[C@H]2O[C@H]3C[C@]4(C)C(C[C@@H](O)[C@H]5[C@H](CC[C@@]45C)[C@](C)(CCC=C(C)C)O[C@@H]6O[C@H](CO)[C@@H](O)C(O)[C@H]6O)[C@@]7(C)CC[C@H](O)C(C)(C)[C@H]37)[C@H](O)[C@H](O)[C@H]1O,C[C@@H]1CC[C@H]2[C@@H](C)[C@H](O[C@@H]3OC4(C)CC[C@@H]1[C@@]23OO4)OC(=O)CCC(O)=O,,,0,1,0,train,98,,False,True,xlsx_open_train_sheet,original_open_candidate,46,public_train47,complement_of_frozen_benchmark50
NSA-Bench-Small,train,frozen_public_train47_benchmark50_seed3407,256f87ca7973dd46bf6b47388453ccbe33e1a2b5a4cc9d3ddfc346be8e8e70bc,benchmark.xlsx,open_train,50,,self_00024,Chlorogenic acid,327-97-9,0.75,Geniposide,"
24512-63-8",1,,,,711.8,0.3211,2.92,7,50,3,O[C@@H]1C[C@](O)(C[C@@H](OC(=O)\C=C\c2ccc(O)c(O)c2)[C@@H]1O)C(O)=O,COC(=O)C1=CO[C@@H](O[C@@H]2O[C@H](CO)[C@@H](O)[C@H](O)[C@H]2O)[C@H]3[C@@H]1CC=C3CO,,,0,1,0,train,106,,False,True,xlsx_open_train_sheet,original_open_candidate,47,public_train47,complement_of_frozen_benchmark50
NSA-Bench-Small,val,frozen_public_train47_benchmark50_seed3407,d6fb712a8cd85ecc66f1e3d3179439d6abfff31c058a27803664a04c40365e95,benchmark.xlsx,val,2,,self_00148,poly-L-lysine hydrobromide,25988-63-0,1,Sulindac,38194-50-2,2,,,,350,,,7.4,37,,NCCCC[C@H](N)C(=O)N[C@@H](CCCCN)C(=O)N[C@@H](CCCCN)C(O)=O,CC\1=C(CC(O)=O)c2cc(F)ccc2C1=C\c3ccc(cc3)[S](C)=O,,10.1016/j.jtha.2023.02.020,0,1,0,test,0,10.1016/j.jtha.2023.02.020,False,True,user_designated_open_validation,original_open_candidate,48,benchmark50,doi_and_unordered_pair_grouped_seed3407_50rows_20positive
NSA-Bench-Small,train,frozen_public_train47_benchmark50_seed3407,e432874265fc6d95d76f73e6e52b66ce482dfb8c9d0381c1966df36f1f86e6b0,benchmark.xlsx,val,3,,self_00221,Berberine,2086-83-1,1,glycyrrhizic acid,1405-86-3,1,,,,795.15,0.74,,7.4,60,60,COc1ccc2cc3c4cc5OCOc5cc4CC[n+]3cc2c1OC,CC1(C)[C@H](CC[C@@]2(C)[C@H]1CC[C@]3(C)[C@@H]2C(=O)C=C4[C@@H]5C[C@](C)(CC[C@]5(C)CC[C@@]34C)C(O)=O)O[C@H]6O[C@@H]([C@@H](O)[C@H](O)[C@H]6O[C@@H]7O[C@@H]([C@@H](O)[C@H](O)[C@H]7O)C(O)=O)C(O)=O,,10.1016/j.jep.2025.120169,0,0,0,test,1,10.1016/j.jep.2025.120169,False,True,user_designated_open_validation,original_open_candidate,49,public_train47,complement_of_frozen_benchmark50
NSA-Bench-Small,train,frozen_public_train47_benchmark50_seed3407,b7e38a27c83ee8e943c3ed58305dfec02d11aed8961391db05420b4c98aa5200,benchmark.xlsx,val,4,,self_00222,Matrine,519-02-8,1,glycyrrhizic acid,1405-86-3,2,,,,1048.47,0.74,,7.4,60,60,O=C1CCC[C@@H]2[C@H]3CCCN4CCC[C@@H](CN12)[C@@H]34,CC1(C)[C@H](CC[C@@]2(C)[C@H]1CC[C@]3(C)[C@@H]2C(=O)C=C4[C@@H]5C[C@](C)(CC[C@]5(C)CC[C@@]34C)C(O)=O)O[C@H]6O[C@@H]([C@@H](O)[C@H](O)[C@H]6O[C@@H]7O[C@@H]([C@@H](O)[C@H](O)[C@H]7O)C(O)=O)C(O)=O,,10.1016/j.jep.2025.120169,0,0,0,test,2,10.1016/j.jep.2025.120169,False,True,user_designated_open_validation,original_open_candidate,50,public_train47,complement_of_frozen_benchmark50
NSA-Bench-Small,train,frozen_public_train47_benchmark50_seed3407,5b72d115c64710dd44260c7f3b010c3e8d213235ad66d08f2f42396a26ebfc01,benchmark.xlsx,val,6,,self_00196,Indocyanine Green,3599-32-4,1,Paclitaxel,33069-62-4,1,,,,140,0.254,0.5,7.4,25,60,CC1(C(=[N+](C2=C1C3=CC=CC=C3C=C2)CCCCS(=O)(=O)[O-])/C=C/C=C/C=C/C=C\4/C(C5=C(N4CCCCS(=O)(=O)[O-])C=CC6=CC=CC=C65)(C)C)C.[Na+],CC(=O)O[C@H]1C(=O)[C@]2(C)[C@@H](O)C[C@H]3OC[C@@]3(OC(C)=O)C2[C@H](OC(=O)c4ccccc4)[C@]5(O)C[C@H](OC(=O)[C@H](O)[C@@H](NC(=O)c6ccccc6)c7ccccc7)C(=C1C5(C)C)C,,10.1039/c9tb00687g,1,1,1,test,4,10.1039/c9tb00687g,True,True,user_designated_open_validation,original_open_candidate,51,public_train47,complement_of_frozen_benchmark50
NSA-Bench-Small,train,frozen_public_train47_benchmark50_seed3407,b549d37e14b74442bdbe9df5eb647ffb6026d1f96c8e11cc93c31844269fb5fc,benchmark.xlsx,val,7,,self_00197,ursolic acid,77-52-1,500,Paclitaxel,33069-62-4,100,,,,215,0.358,,7.4,25,185,C[C@@H]1CC[C@@]2(CC[C@]3(C)C(=CC[C@@H]4[C@@]5(C)CC[C@H](O)C(C)(C)[C@@H]5CC[C@@]34C)[C@@H]2[C@H]1C)C(O)=O,CC(=O)O[C@H]1C(=O)[C@]2(C)[C@@H](O)C[C@H]3OC[C@@]3(OC(C)=O)C2[C@H](OC(=O)c4ccccc4)[C@]5(O)C[C@H](OC(=O)[C@H](O)[C@@H](NC(=O)c6ccccc6)c7ccccc7)C(=C1C5(C)C)C,,10.1021/acsami.7b14755,1,1,1,test,5,10.1021/acsami.7b14755,True,True,user_designated_open_validation,original_open_candidate,52,public_train47,complement_of_frozen_benchmark50
NSA-Bench-Small,val,frozen_public_train47_benchmark50_seed3407,79c57a8adae0d7b57fdfa487f95439970712fe950f0d11ea9ce3dae0fa64af82,benchmark.xlsx,val,8,,self_00134,Curcumin,458-37-7,0.4,vitamin E succinate, 4345-03-3,0.4,,,,172.9,0.133,8.04,7.4,80,30,COc1cc(\C=C\C(O)=C\C(=O)/C=C/c2ccc(O)c(OC)c2)ccc1O,CC(C)CCC[C@@H](C)CCC[C@@H](C)CCC[C@]1(C)CCc2c(C)c(OC(=O)CCC(O)=O)c(C)c(C)c2O1,,10.1016/j.xphs.2020.09.029,1,1,1,test,6,10.1016/j.xphs.2020.09.029,True,True,user_designated_open_validation,original_open_candidate,53,benchmark50,doi_and_unordered_pair_grouped_seed3407_50rows_20positive
NSA-Bench-Small,train,frozen_public_train47_benchmark50_seed3407,c52fad7e592a9cb2fc7f2c2ca83b4119aa8af1d04aeb0d2f979731d1ce97ae43,benchmark.xlsx,val,9,,self_00173,oleanolic acid,508-02-1,1,chlorin e6,19660-77-6,1,,,,94.3,0.14,,7,25,,CC1(C)CC[C@@]2(CC[C@]3(C)C(=CC[C@@H]4[C@@]5(C)CC[C@H](O)C(C)(C)[C@@H]5CC[C@@]34C)[C@@H]2C1)C(O)=O,CCc1c(C)c2[nH]c1cc3nc(c(CC(O)=O)c4nc(cc5[nH]c(c2)c(C=C)c5C)C(C)C4CCC(O)=O)c(C(O)=O)c3C,,10.1016/j.phymed.2021.153788,1,1,1,test,7,10.1016/j.phymed.2021.153788,True,True,user_designated_open_validation,original_open_candidate,54,public_train47,complement_of_frozen_benchmark50
NSA-Bench-Small,val,frozen_public_train47_benchmark50_seed3407,6c289407c67fcffaa2df3ca0c809e4265b4dcc3f36bb8ae4cf636c947a61f89b,benchmark.xlsx,val,10,,self_00147,poly-L-lysine hydrobromide,25988-63-0,1,Sulindac,38194-50-2,1,,,,250,,,7.4,37,,NCCCC[C@H](N)C(=O)N[C@@H](CCCCN)C(=O)N[C@@H](CCCCN)C(O)=O,CC\1=C(CC(O)=O)c2cc(F)ccc2C1=C\c3ccc(cc3)[S](C)=O,,10.1016/j.jtha.2023.02.020,1,1,1,test,8,10.1016/j.jtha.2023.02.020,True,True,user_designated_open_validation,original_open_candidate,55,benchmark50,doi_and_unordered_pair_grouped_seed3407_50rows_20positive
NSA-Bench-Small,train,frozen_public_train47_benchmark50_seed3407,32826fd3b665cb00e0fff9d49fed4780c14d2c8f795d81eff10517f97a31268f,benchmark.xlsx,val,11,,self_00225,Baicalein,491-67-8,1,Berberine,2086-83-1,1.1,,,,264.03,,,8,80,300,Oc1cc2OC(=CC(=O)c2c(O)c1O)c3ccccc3,COc1ccc2cc3c4cc5OCOc5cc4CC[n+]3cc2c1OC,,10.1016/j.jinorgbio.2025.113070 ,1,1,1,test,9,10.1016/j.jinorgbio.2025.113070,True,True,user_designated_open_validation,original_open_candidate,56,public_train47,complement_of_frozen_benchmark50
NSA-Bench-Small,val,frozen_public_train47_benchmark50_seed3407,2b5569128496047e7933804e2a1ea16ffb73c12da539cc7dfde1137f8dc9a524,benchmark.xlsx,val,12,,self_00227,"3,3',4',5,7-pentahydroxyflavone",117-39-5,5,Magnesium chloride,7786-30-3,1,,,,58.8,0.17,,7,50,120,Oc1cc(O)c2C(=O)C(=C(Oc2c1)c3ccc(O)c(O)c3)O,[Mg++].[Cl-].[Cl-],,10.1016/j.jddst.2025.107246,1,1,1,test,10,10.1016/j.jddst.2025.107246,True,True,user_designated_open_validation,original_open_candidate,57,benchmark50,doi_and_unordered_pair_grouped_seed3407_50rows_20positive
NSA-Bench-Small,train,frozen_public_train47_benchmark50_seed3407,b47adc81955a0a87245c9a9188a7c698de24f43a66263384f19545b5014064cb,benchmark.xlsx,val,13,,self_00154,Berberine,2086-83-1,1,Paclitaxel,33069-62-4,1,,,,165.8,0.115,,7.4,25,5,COc1ccc2cc3c4cc5OCOc5cc4CC[n+]3cc2c1OC,CC(=O)O[C@H]1C(=O)[C@]2(C)[C@@H](O)C[C@H]3OC[C@@]3(OC(C)=O)C2[C@H](OC(=O)c4ccccc4)[C@]5(O)C[C@H](OC(=O)[C@H](O)[C@@H](NC(=O)c6ccccc6)c7ccccc7)C(=C1C5(C)C)C,,10.1016/j.jconrel.2019.12.011,1,1,1,test,11,10.1016/j.jconrel.2019.12.011,True,True,user_designated_open_validation,original_open_candidate,58,public_train47,complement_of_frozen_benchmark50
NSA-Bench-Small,train,frozen_public_train47_benchmark50_seed3407,32d4dd37a1e744d10d41c9c049de40b88c3e9d9b9edb54eb7d68dd73bb0eb874,benchmark.xlsx,val,14,,self_00172,Combretastatin A-4,117048-59-6,40.9,chlorin e6,19660-77-6,59.1,,,,169.7,,,7.4,25,240,COc1ccc(\C=C\c2cc(OC)c(OC)c(OC)c2)cc1O,CCc1c(C)c2[nH]c1cc3nc(c(CC(O)=O)c4nc(cc5[nH]c(c2)c(C=C)c5C)C(C)C4CCC(O)=O)c(C(O)=O)c3C,,10.1016/j.jcis.2021.12.128,1,1,1,test,12,10.1016/j.jcis.2021.12.128,True,True,user_designated_open_validation,original_open_candidate,59,public_train47,complement_of_frozen_benchmark50
NSA-Bench-Small,val,frozen_public_train47_benchmark50_seed3407,d5c17a5e355f36db22eb52d9b62b9cc7157f90b16ffc5b00dd75a1cc6f8c6d88,benchmark.xlsx,val,15,,self_00167,Bilirubin,635-65-4,1,Melatonine,73-31-4,5,,,,85,,,7.4,25,1440,CC1=C(C=C)/C(NC1=O)=C/c2[nH]c(Cc3[nH]c(\C=C\4NC(=O)C(=C4C)C=C)c(C)c3CCC(O)=O)c(CCC(O)=O)c2C,COc1ccc2[nH]cc(CCNC(C)=O)c2c1,,10.1016/j.ijpx.2024.100268,1,1,1,test,13,10.1016/j.ijpx.2024.100268,True,True,user_designated_open_validation,original_open_candidate,60,benchmark50,doi_and_unordered_pair_grouped_seed3407_50rows_20positive
NSA-Bench-Small,train,frozen_public_train47_benchmark50_seed3407,bb9ac6aa7fc15b39def71ac6d7d5578d2374986a4e0f242df161f63cc1828f47,benchmark.xlsx,val,16,,self_00208,glycyrrhizic acid,1405-86-3,90,Berberine,2086-83-1,8,,,,196.2,0.254,,3.9,37,720,CC1(C)[C@H](CC[C@@]2(C)[C@H]1CC[C@]3(C)[C@@H]2C(=O)C=C4[C@@H]5C[C@](C)(CC[C@]5(C)CC[C@@]34C)C(O)=O)O[C@H]6O[C@@H]([C@@H](O)[C@H](O)[C@H]6O[C@@H]7O[C@@H]([C@@H](O)[C@H](O)[C@H]7O)C(O)=O)C(O)=O,COc1ccc2cc3c4cc5OCOc5cc4CC[n+]3cc2c1OC,,10.1016/j.ijpharm.2021.120546,1,1,1,test,14,10.1016/j.ijpharm.2021.120546,True,True,user_designated_open_validation,original_open_candidate,61,public_train47,complement_of_frozen_benchmark50
NSA-Bench-Small,val,frozen_public_train47_benchmark50_seed3407,493cc7a1cb3dd964bcf39ebd5da9d238950989ffc5c33da5d39d93d252a2079e,benchmark.xlsx,val,17,,self_00131,Curcumin,458-37-7,10,AgNO3,7761-88-8,1,,,,56.2,0.201,0.0024,8.8,25,,COc1cc(\C=C\C(O)=C\C(=O)/C=C/c2ccc(O)c(OC)c2)ccc1O,[Ag+].[O-][N+]([O-])=O,,10.1016/j.ica.2025.122826,1,1,1,test,15,10.1016/j.ica.2025.122826,True,True,user_designated_open_validation,original_open_candidate,62,benchmark50,doi_and_unordered_pair_grouped_seed3407_50rows_20positive
NSA-Bench-Small,train,frozen_public_train47_benchmark50_seed3407,189366edb1ce7e2eb1e10eadcd7e6a2a124affbf226a2c548a2797eaa14448ed,benchmark.xlsx,val,18,,self_00203,Berberine hydrochloride,633-65-8,1,Baicalin,21967-41-9,1,,,,20,,0.5,8,25,480,[Cl-].COc1ccc2cc3c4cc5OCOc5cc4CC[n+]3cc2c1OC,O[C@@H]1[C@@H](O)[C@@H](O[C@@H]([C@H]1O)C(O)=O)Oc2cc3OC(=CC(=O)c3c(O)c2O)c4ccccc4,,10.1016/j.heliyon.2024.e29992,1,1,1,test,16,10.1016/j.heliyon.2024.e29992,True,True,user_designated_open_validation,original_open_candidate,63,public_train47,complement_of_frozen_benchmark50
NSA-Bench-Small,train,frozen_public_train47_benchmark50_seed3407,155e5afcb85d8693f67d988ba2848d0c4f63994a1b748d024433955eae063937,benchmark.xlsx,val,19,,self_00202,Curcumin,458-37-7,4,oleanolic acid,508-02-1,10,,,,123.7,0.219,,7,25,720,COc1cc(\C=C\C(O)=C\C(=O)/C=C/c2ccc(O)c(OC)c2)ccc1O,CC1(C)CC[C@@]2(CC[C@]3(C)C(=CC[C@@H]4[C@@]5(C)CC[C@H](O)C(C)(C)[C@@H]5CC[C@@]34C)[C@@H]2C1)C(O)=O,,10.1016/j.foodchem.2024.139482,1,1,1,test,17,10.1016/j.foodchem.2024.139482,True,True,user_designated_open_validation,original_open_candidate,64,public_train47,complement_of_frozen_benchmark50
NSA-Bench-Small,val,frozen_public_train47_benchmark50_seed3407,56eed7d63d5db2b9a52406bcc0734b035f8dcb81dcc4519ade9b3b37f5073c02,benchmark.xlsx,val,20,,self_00135,xanthophyll from alfalfa,127-40-2,50,stevioside,57817-89-7,100,,,,165,0.09,1.197,7,25,20,CC(=C\C=C\C=C(C)\C=C\C=C(C)\C=C\C1=C(C)C[C@@H](O)CC1(C)C)/C=C/C=C(C)/C=C/[C@H]2C(=C[C@H](O)CC2(C)C)C,C[C@@]12CCC[C@](C)([C@H]1CC[C@]34CC(=C)[C@](CC[C@@H]23)(C4)O[C@@H]5O[C@H](CO)[C@@H](O)[C@H](O)[C@H]5O[C@@H]6O[C@H](CO)[C@@H](O)[C@H](O)[C@H]6O)C(=O)O[C@@H]7O[C@H](CO)[C@@H](O)[C@H](O)[C@H]7O,,10.1016/j.foodchem.2021.129528,1,1,1,test,18,10.1016/j.foodchem.2021.129528,True,True,user_designated_open_validation,original_open_candidate,65,benchmark50,doi_and_unordered_pair_grouped_seed3407_50rows_20positive
NSA-Bench-Small,train,frozen_public_train47_benchmark50_seed3407,5c5f027b6cb5c88cd0351115dc6c3d66e5c9b0c334562d84d3611b3c42e6d207,benchmark.xlsx,val,21,,self_00204,2-Deoxy-D-glucose,154-17-6,2,Curcumin,458-37-7,0.01,,,,104.7,0.14,,7,25,5,OCC1OC(O)CC(O)C1O,COc1cc(\C=C\C(O)=C\C(=O)/C=C/c2ccc(O)c(OC)c2)ccc1O,,10.1016/j.colsurfb.2023.113668,1,1,1,test,19,10.1016/j.colsurfb.2023.113668,True,True,user_designated_open_validation,original_open_candidate,66,public_train47,complement_of_frozen_benchmark50
NSA-Bench-Small,train,frozen_public_train47_benchmark50_seed3407,a21c07cf4d7b1de279d63839f8c57f299d25f181468cbfed6ed1989406614615,benchmark.xlsx,val,22,,self_00176,7-Ethyl-10-hydroxycamptothecin,86639-52-3,3,chlorin e6,19660-77-6,1,,,,154.87,0.207,,7.4,25,,CCc1c2CN3C(=O)C4=C(C=C3c2nc5ccc(O)cc15)[C@@](O)(CC)C(=O)OC4,CCc1c(C)c2[nH]c1cc3nc(c(CC(O)=O)c4nc(cc5[nH]c(c2)c(C=C)c5C)C(C)C4CCC(O)=O)c(C(O)=O)c3C,,10.1016/j.colsurfb.2019.110722,1,1,1,test,20,10.1016/j.colsurfb.2019.110722,True,True,user_designated_open_validation,original_open_candidate,67,public_train47,complement_of_frozen_benchmark50
NSA-Bench-Small,val,frozen_public_train47_benchmark50_seed3407,692a5fe876c39cf109e2ab080bc7c6c0b2b7be00be9ccd02be7972d79ddbb32d,benchmark.xlsx,val,23,,self_00224,Baicalein,491-67-8,10,"2,4-decadienal",2363-88-4,1,,,,156.67,0.08,10,7,25,,Oc1cc2OC(=CC(=O)c2c(O)c1O)c3ccccc3,CCCCC/C=C/C=C/C=O,,10.1016/j.chmed.2025.10.001,1,1,1,test,21,10.1016/j.chmed.2025.10.001,True,True,user_designated_open_validation,original_open_candidate,68,benchmark50,doi_and_unordered_pair_grouped_seed3407_50rows_20positive
NSA-Bench-Small,val,frozen_public_train47_benchmark50_seed3407,5a6c38f58c029827e85beabb69ff291d4a168762947051b7c8dae5fbe5c4f39e,benchmark.xlsx,val,24,,self_00182,pyropheophorbide a,24533-72-0,1,Podophyllotoxin,518-28-5,5,,,,340.7,0.128,,7.4,25,20,CCc1c(C)c2[nH]c1cc3nc4c(CC(=O)c4c3C)c5nc(cc6[nH]c(c2)c(C=C)c6C)[C@@H](C)[C@@H]5CCC(O)=O,COc1cc(cc(OC)c1OC)[C@H]2[C@@H]3[C@H](COC3=O)[C@@H](O)c4cc5OCOc5cc24,,10.1016/j.ajps.2020.04.002,0,1,0,test,22,10.1016/j.ajps.2020.04.002,False,True,user_designated_open_validation,original_open_candidate,69,benchmark50,doi_and_unordered_pair_grouped_seed3407_50rows_20positive
NSA-Bench-Small,val,frozen_public_train47_benchmark50_seed3407,9e620a8a4f150f449ed57431c22594c3f5db54c382b8ff3eae525b1ce5a0584a,benchmark.xlsx,val,25,,self_00184,pyropheophorbide a,24533-72-0,1,Podophyllotoxin,518-28-5,1,,,,172.5,0.109,,7.4,25,20,CCc1c(C)c2[nH]c1cc3nc4c(CC(=O)c4c3C)c5nc(cc6[nH]c(c2)c(C=C)c6C)[C@@H](C)[C@@H]5CCC(O)=O,COc1cc(cc(OC)c1OC)[C@H]2[C@@H]3[C@H](COC3=O)[C@@H](O)c4cc5OCOc5cc24,,10.1016/j.ajps.2020.04.002,1,1,1,test,23,10.1016/j.ajps.2020.04.002,True,True,user_designated_open_validation,original_open_candidate,70,benchmark50,doi_and_unordered_pair_grouped_seed3407_50rows_20positive
NSA-Bench-Small,val,frozen_public_train47_benchmark50_seed3407,24384bde7ee1e40c8bb317f87d54ee3de92507c6c81a0266744c340aa56aa6de,benchmark.xlsx,val,27,,self_00328,Shikonin,,1,Ginsenoside Rb1,,5,,,,9999,,60,7.4,40,3,CC(C)=CCC(O)C1=CC(=O)c2c(O)ccc(O)c2C1=O,CC(C)=CCCC(C)(O[C@@H]1O[C@H](COC2O[C@H](CO)[C@@H](O)[C@H](O)[C@H]2O)[C@@H](O)[C@H](O)[C@H]1O)[C@H]3CC[C@]4(C)[C@@H]3[C@H](O)C[C@@H]5[C@@]6(C)CC[C@H](O[C@@H]7O[C@H](CO)[C@@H](O)[C@H](O)[C@H]7O[C@@H]8O[C@H](CO)[C@@H](O)[C@H](O)[C@H]8O)C(C)(C)[C@@H]6CC[C@@]45C,,,0,1,0,test,25,,False,True,user_designated_open_validation,original_open_candidate,71,benchmark50,doi_and_unordered_pair_grouped_seed3407_50rows_20positive
NSA-Bench-Small,val,frozen_public_train47_benchmark50_seed3407,f1687da0a94e589ff363166d6f0c7d3cf2b078d6fb1b127195e70995e330a887,benchmark.xlsx,val,28,,self_00329,Shikonin,,1,Ginsenoside Rb1,,6,,,,9999,,70,7.4,40,3,CC(C)=CCC(O)C1=CC(=O)c2c(O)ccc(O)c2C1=O,CC(C)=CCCC(C)(O[C@@H]1O[C@H](COC2O[C@H](CO)[C@@H](O)[C@H](O)[C@H]2O)[C@@H](O)[C@H](O)[C@H]1O)[C@H]3CC[C@]4(C)[C@@H]3[C@H](O)C[C@@H]5[C@@]6(C)CC[C@H](O[C@@H]7O[C@H](CO)[C@@H](O)[C@H](O)[C@H]7O[C@@H]8O[C@H](CO)[C@@H](O)[C@H](O)[C@H]8O)C(C)(C)[C@@H]6CC[C@@]45C,,,0,1,0,test,26,,False,True,user_designated_open_validation,original_open_candidate,72,benchmark50,doi_and_unordered_pair_grouped_seed3407_50rows_20positive
NSA-Bench-Small,val,frozen_public_train47_benchmark50_seed3407,7bfcfd13033a990b1f48b1e684f79dbe1b6401d09697439c5ed1dc237fec46b4,benchmark.xlsx,val,29,,self_00330,Shikonin,,1,Ginsenoside Rb1,,7,,,,9999,,80,7.4,40,3,CC(C)=CCC(O)C1=CC(=O)c2c(O)ccc(O)c2C1=O,CC(C)=CCCC(C)(O[C@@H]1O[C@H](COC2O[C@H](CO)[C@@H](O)[C@H](O)[C@H]2O)[C@@H](O)[C@H](O)[C@H]1O)[C@H]3CC[C@]4(C)[C@@H]3[C@H](O)C[C@@H]5[C@@]6(C)CC[C@H](O[C@@H]7O[C@H](CO)[C@@H](O)[C@H](O)[C@H]7O[C@@H]8O[C@H](CO)[C@@H](O)[C@H](O)[C@H]8O)C(C)(C)[C@@H]6CC[C@@]45C,,,0,1,0,test,27,,False,True,user_designated_open_validation,original_open_candidate,73,benchmark50,doi_and_unordered_pair_grouped_seed3407_50rows_20positive
NSA-Bench-Small,val,frozen_public_train47_benchmark50_seed3407,61e7d5f2ea8b0cbf49f556fe3c7715e2f49558f16cd31ff695b2434e01689ad8,benchmark.xlsx,val,30,,self_00331,Shikonin,,1,Ginsenoside Rb1,,8,,,,9999,,90,7.4,40,3,CC(C)=CCC(O)C1=CC(=O)c2c(O)ccc(O)c2C1=O,CC(C)=CCCC(C)(O[C@@H]1O[C@H](COC2O[C@H](CO)[C@@H](O)[C@H](O)[C@H]2O)[C@@H](O)[C@H](O)[C@H]1O)[C@H]3CC[C@]4(C)[C@@H]3[C@H](O)C[C@@H]5[C@@]6(C)CC[C@H](O[C@@H]7O[C@H](CO)[C@@H](O)[C@H](O)[C@H]7O[C@@H]8O[C@H](CO)[C@@H](O)[C@H](O)[C@H]8O)C(C)(C)[C@@H]6CC[C@@]45C,,,0,1,0,test,28,,False,True,user_designated_open_validation,original_open_candidate,74,benchmark50,doi_and_unordered_pair_grouped_seed3407_50rows_20positive
NSA-Bench-Small,val,frozen_public_train47_benchmark50_seed3407,55d3655c0c88a8bbcdc85893ae137891fde3e0336d1ef03d01ffca79b1983eab,benchmark.xlsx,val,31,,self_00332,Shikonin,,1,Ginsenoside Rb1,,9,,,,9999,,100,7.4,40,3,CC(C)=CCC(O)C1=CC(=O)c2c(O)ccc(O)c2C1=O,CC(C)=CCCC(C)(O[C@@H]1O[C@H](COC2O[C@H](CO)[C@@H](O)[C@H](O)[C@H]2O)[C@@H](O)[C@H](O)[C@H]1O)[C@H]3CC[C@]4(C)[C@@H]3[C@H](O)C[C@@H]5[C@@]6(C)CC[C@H](O[C@@H]7O[C@H](CO)[C@@H](O)[C@H](O)[C@H]7O[C@@H]8O[C@H](CO)[C@@H](O)[C@H](O)[C@H]8O)C(C)(C)[C@@H]6CC[C@@]45C,,,0,1,0,test,29,,False,True,user_designated_open_validation,original_open_candidate,75,benchmark50,doi_and_unordered_pair_grouped_seed3407_50rows_20positive
NSA-Bench-Small,train,frozen_public_train47_benchmark50_seed3407,109c0899de849af72e2a6c53a391d2e355d61179f6f2b4aa3094a60d650c0c20,benchmark.xlsx,val,32,,self_00302,Artesunate,,1,Ginsenoside Rb1,,4,,,,62.59,0.51,50,7.4,40,3,C[C@@H]1CC[C@H]2[C@@H](C)[C@H](O[C@@H]3OC4(C)CC[C@@H]1[C@@]23OO4)OC(=O)CCC(O)=O,CC(C)=CCCC(C)(O[C@@H]1O[C@H](COC2O[C@H](CO)[C@@H](O)[C@H](O)[C@H]2O)[C@@H](O)[C@H](O)[C@H]1O)[C@H]3CC[C@]4(C)[C@@H]3[C@H](O)C[C@@H]5[C@@]6(C)CC[C@H](O[C@@H]7O[C@H](CO)[C@@H](O)[C@H](O)[C@H]7O[C@@H]8O[C@H](CO)[C@@H](O)[C@H](O)[C@H]8O)C(C)(C)[C@@H]6CC[C@@]45C,,,1,0,0,test,30,,False,True,user_designated_open_validation,original_open_candidate,76,public_train47,complement_of_frozen_benchmark50
NSA-Bench-Small,val,frozen_public_train47_benchmark50_seed3407,07b2ddad202d7bbe0cd7b48948351523c22ad9a6b9693085c08d437fd55c7f6c,benchmark.xlsx,val,33,,self_00309,Artesunate,,2,Glycyrrhizic acid,,1,,,,14.27,0.519,30,7.4,40,3,C[C@@H]1CC[C@H]2[C@@H](C)[C@H](O[C@@H]3OC4(C)CC[C@@H]1[C@@]23OO4)OC(=O)CCC(O)=O,O\N=C(c1ccccc1)\C(=N\O)c2ccccc2,,,1,0,0,test,31,,False,True,user_designated_open_validation,original_open_candidate,77,benchmark50,doi_and_unordered_pair_grouped_seed3407_50rows_20positive
NSA-Bench-Small,val,frozen_public_train47_benchmark50_seed3407,1e4389cc0e40abccc5360c5b0e403399942efbd2550ad9be9ee458af683a44d3,benchmark.xlsx,val,34,,self_00310,Artesunate,,1,Glycyrrhizic acid,,1,,,,7.101,0.358,20,7.4,40,3,C[C@@H]1CC[C@H]2[C@@H](C)[C@H](O[C@@H]3OC4(C)CC[C@@H]1[C@@]23OO4)OC(=O)CCC(O)=O,O\N=C(c1ccccc1)\C(=N\O)c2ccccc2,,,1,0,0,test,32,,False,True,user_designated_open_validation,original_open_candidate,78,benchmark50,doi_and_unordered_pair_grouped_seed3407_50rows_20positive
NSA-Bench-Small,val,frozen_public_train47_benchmark50_seed3407,284f4512a8bfd22a9ca3b9f76db22e7f9b39f23d15a4fcc17fa3474c821b3a20,benchmark.xlsx,val,35,,self_00311,Artesunate,,1,Glycyrrhizic acid,,2,,,,182.9,0.732,30,7.4,40,3,C[C@@H]1CC[C@H]2[C@@H](C)[C@H](O[C@@H]3OC4(C)CC[C@@H]1[C@@]23OO4)OC(=O)CCC(O)=O,O\N=C(c1ccccc1)\C(=N\O)c2ccccc2,,,1,0,0,test,33,,False,True,user_designated_open_validation,original_open_candidate,79,benchmark50,doi_and_unordered_pair_grouped_seed3407_50rows_20positive
NSA-Bench-Small,train,frozen_public_train47_benchmark50_seed3407,f42a1755056d996a648f602cea3d07f242c19d2e410982426d2d9d24012e728c,benchmark.xlsx,val,36,,self_00312,Artesunate,,2,Saikosaponin,,1,,,,12730,0.378,30,7.4,40,3,C[C@@H]1CC[C@H]2[C@@H](C)[C@H](O[C@@H]3OC4(C)CC[C@@H]1[C@@]23OO4)OC(=O)CCC(O)=O,CC1(C)CC[C@]2(CO3)[C@H](O)C[C@@]4(C)[C@]([C@]5([H])C=C[C@]43[C@]2([H])C1)(C)CC[C@@]([C@]5(C)CC6)([H])[C@@](CO)(C)[C@H]6O[C@@](O[C@H](C)[C@@H]7O)([H])[C@H](O)[C@H]7O[C@@]8([H])[C@H](O)[C@@H](O)[C@H](O)[C@@H](CO)O8,,,0,0,0,test,34,,False,True,user_designated_open_validation,original_open_candidate,80,public_train47,complement_of_frozen_benchmark50
NSA-Bench-Small,val,frozen_public_train47_benchmark50_seed3407,61541dc9646ec3543fa52bef66f5c93c76bf1e79658f7ccfd9bc9209c36c5f33,benchmark.xlsx,val,37,,self_00282,Emodin (10mM),518-82-1,4,Shikonin (10mM),517-89-5,1,,,,196.6,0.243,20,7,25,3,Cc1cc(O)c2C(=O)c3c(O)cc(O)cc3C(=O)c2c1,CC(C)=CCC(O)C1=CC(=O)c2c(O)ccc(O)c2C1=O,,,1,0,0,test,35,,False,True,user_designated_open_validation,original_open_candidate,81,benchmark50,doi_and_unordered_pair_grouped_seed3407_50rows_20positive
NSA-Bench-Small,val,frozen_public_train47_benchmark50_seed3407,632a2eff7fe0355b368c4d036336ebcaf22f3ad8a8203640db1a57bb2a6461f4,benchmark.xlsx,val,38,,self_00283,Emodin (10mM),518-82-1,1,Shikonin (10mM),517-89-5,2,,,,257.3,0.543,20,7,25,3,Cc1cc(O)c2C(=O)c3c(O)cc(O)cc3C(=O)c2c1,CC(C)=CCC(O)C1=CC(=O)c2c(O)ccc(O)c2C1=O,,,1,0,0,test,36,,False,True,user_designated_open_validation,original_open_candidate,82,benchmark50,doi_and_unordered_pair_grouped_seed3407_50rows_20positive
NSA-Bench-Small,val,frozen_public_train47_benchmark50_seed3407,23e388e1d5789c9629084d14056b4a6e0ec4b013a365db3a5cd2ce3b3570adb7,benchmark.xlsx,val,41,,self_00286,Emodin (10mM),518-82-1,1,Shikonin (10mM),517-89-5,1,,,,349.3,0.524,20,7,25,3,Cc1cc(O)c2C(=O)c3c(O)cc(O)cc3C(=O)c2c1,CC(C)=CCC(O)C1=CC(=O)c2c(O)ccc(O)c2C1=O,,,0,0,0,test,39,,False,True,user_designated_open_validation,original_open_candidate,83,benchmark50,doi_and_unordered_pair_grouped_seed3407_50rows_20positive
NSA-Bench-Small,train,frozen_public_train47_benchmark50_seed3407,5a91ed7cee55ff38df6868b920df71d8fa5e765e246c15aec9961d490324d8cd,benchmark.xlsx,val,42,,self_00271,Emodin (10mM),518-82-1,1,Ginsenoside Rb1 (10mM),41753-43-9,1,,,,1000,1,20,7,25,3,Cc1cc(O)c2C(=O)c3c(O)cc(O)cc3C(=O)c2c1,CC(C)=CCCC(C)(O[C@@H]1O[C@H](COC2O[C@H](CO)[C@@H](O)[C@H](O)[C@H]2O)[C@@H](O)[C@H](O)[C@H]1O)[C@H]3CC[C@]4(C)[C@@H]3[C@H](O)C[C@@H]5[C@@]6(C)CC[C@H](O[C@@H]7O[C@H](CO)[C@@H](O)[C@H](O)[C@H]7O[C@@H]8O[C@H](CO)[C@@H](O)[C@H](O)[C@H]8O)C(C)(C)[C@@H]6CC[C@@]45C,,,0,0,0,test,40,,False,True,user_designated_open_validation,original_open_candidate,84,public_train47,complement_of_frozen_benchmark50
NSA-Bench-Small,train,frozen_public_train47_benchmark50_seed3407,48bac007146ccedafacd8561184ad32e7314ea43dcacfe9358fa381d9ff0e10c,benchmark.xlsx,val,43,,self_00272,Quercetin (10mM),117-39-5,1,Artesunate (10mM),88495-63-0,1,,,,700,0.6,20,7,25,3,Oc1cc(O)c2C(=O)C(=C(Oc2c1)c3ccc(O)c(O)c3)O,C[C@@H]1CC[C@H]2[C@@H](C)[C@H](O[C@@H]3OC4(C)CC[C@@H]1[C@@]23OO4)OC(=O)CCC(O)=O,,,0,0,0,test,41,,False,True,user_designated_open_validation,original_open_candidate,85,public_train47,complement_of_frozen_benchmark50
NSA-Bench-Small,train,frozen_public_train47_benchmark50_seed3407,73abac9a66fdf0d2c5bb0e6b5d9fe3f38ecd33acd2cc0b9c7a31be1b17b61d6e,benchmark.xlsx,val,44,,self_00273,Quercetin (10mM),117-39-5,1,Ginsenoside Rb1 (10mM),41753-43-9,1,,,,530,1,20,7,25,3,Oc1cc(O)c2C(=O)C(=C(Oc2c1)c3ccc(O)c(O)c3)O,CC(C)=CCCC(C)(O[C@@H]1O[C@H](COC2O[C@H](CO)[C@@H](O)[C@H](O)[C@H]2O)[C@@H](O)[C@H](O)[C@H]1O)[C@H]3CC[C@]4(C)[C@@H]3[C@H](O)C[C@@H]5[C@@]6(C)CC[C@H](O[C@@H]7O[C@H](CO)[C@@H](O)[C@H](O)[C@H]7O[C@@H]8O[C@H](CO)[C@@H](O)[C@H](O)[C@H]8O)C(C)(C)[C@@H]6CC[C@@]45C,,,0,0,0,test,42,,False,True,user_designated_open_validation,original_open_candidate,86,public_train47,complement_of_frozen_benchmark50
NSA-Bench-Small,train,frozen_public_train47_benchmark50_seed3407,6efacd0c4634ae1e83a7a39c2c3ed2cc183b338fdbc90b258559bae8738bd2b6,benchmark.xlsx,val,45,,self_00274,Artesunate (10mM),88495-63-0,1,Ginsenoside Rb1 (10mM),41753-43-9,1,,,,1000,1,20,7,25,3,C[C@@H]1CC[C@H]2[C@@H](C)[C@H](O[C@@H]3OC4(C)CC[C@@H]1[C@@]23OO4)OC(=O)CCC(O)=O,CC(C)=CCCC(C)(O[C@@H]1O[C@H](COC2O[C@H](CO)[C@@H](O)[C@H](O)[C@H]2O)[C@@H](O)[C@H](O)[C@H]1O)[C@H]3CC[C@]4(C)[C@@H]3[C@H](O)C[C@@H]5[C@@]6(C)CC[C@H](O[C@@H]7O[C@H](CO)[C@@H](O)[C@H](O)[C@H]7O[C@@H]8O[C@H](CO)[C@@H](O)[C@H](O)[C@H]8O)C(C)(C)[C@@H]6CC[C@@]45C,,,0,0,0,test,43,,False,True,user_designated_open_validation,original_open_candidate,87,public_train47,complement_of_frozen_benchmark50
NSA-Bench-Small,val,frozen_public_train47_benchmark50_seed3407,e9b479f2f84daafd960b97ad1c6af573b4ec6a76310430a662f79d4a9c171307,benchmark.xlsx,val,46,,self_00275,Rosmarinic acid (10mM),20283-92-5,1,Ginsenoside Rb1 (10mM),41753-43-9,1,,,,113.6,0.597,20,7,25,3,OC(=O)[C@@H](Cc1ccc(O)c(O)c1)OC(=O)/C=C/c2ccc(O)c(O)c2,CC(C)=CCCC(C)(O[C@@H]1O[C@H](COC2O[C@H](CO)[C@@H](O)[C@H](O)[C@H]2O)[C@@H](O)[C@H](O)[C@H]1O)[C@H]3CC[C@]4(C)[C@@H]3[C@H](O)C[C@@H]5[C@@]6(C)CC[C@H](O[C@@H]7O[C@H](CO)[C@@H](O)[C@H](O)[C@H]7O[C@@H]8O[C@H](CO)[C@@H](O)[C@H](O)[C@H]8O)C(C)(C)[C@@H]6CC[C@@]45C,,,1,0,0,test,44,,False,True,user_designated_open_validation,original_open_candidate,88,benchmark50,doi_and_unordered_pair_grouped_seed3407_50rows_20positive
NSA-Bench-Small,val,frozen_public_train47_benchmark50_seed3407,3afe18d3c3c952865e5ff1a337f9ef2a6d9fe84e0a1bc7b8d3a1db66bccf7cda,benchmark.xlsx,val,47,,self_00243,Chlorogenic acid,327-97-9,1,Artesunate,88495-63-0,0.5,,,,1698,0.9536,10,7,45,15,O[C@@H]1C[C@](O)(C[C@@H](OC(=O)\C=C\c2ccc(O)c(O)c2)[C@@H]1O)C(O)=O,C[C@@H]1CC[C@H]2[C@@H](C)[C@H](O[C@@H]3OC4(C)CC[C@@H]1[C@@]23OO4)OC(=O)CCC(O)=O,,,0,0,0,test,45,,False,True,user_designated_open_validation,original_open_candidate,89,benchmark50,doi_and_unordered_pair_grouped_seed3407_50rows_20positive
NSA-Bench-Small,val,frozen_public_train47_benchmark50_seed3407,274b8398b4ac2f8137c245aa35c24b231650a2c632de6a1aff9d6c0d444b1491,benchmark.xlsx,val,48,,self_00244,Chlorogenic acid,327-97-9,1.5,Artesunate,88495-63-0,0.5,,,,1919,1,10,7,45,15,O[C@@H]1C[C@](O)(C[C@@H](OC(=O)\C=C\c2ccc(O)c(O)c2)[C@@H]1O)C(O)=O,C[C@@H]1CC[C@H]2[C@@H](C)[C@H](O[C@@H]3OC4(C)CC[C@@H]1[C@@]23OO4)OC(=O)CCC(O)=O,,,0,0,0,test,46,,False,True,user_designated_open_validation,original_open_candidate,90,benchmark50,doi_and_unordered_pair_grouped_seed3407_50rows_20positive
NSA-Bench-Small,train,frozen_public_train47_benchmark50_seed3407,ef291d80d9ef153b6270c98105d6849344c0abd0a808501ec814256a4b4c5596,benchmark.xlsx,val,49,,self_00264,Dihydroartemisinin (10mM),81496-82-4,4,Artesunate (10mM),88495-63-0,1,,,,1000,1,20,7,25,3,C[C@@H]1CC[C@H]2[C@H]([C@H](O[C@H]3[C@@]24[C@H]1CC[C@](O3)(OO4)C)O)C,C[C@@H]1CC[C@H]2[C@@H](C)[C@H](O[C@@H]3OC4(C)CC[C@@H]1[C@@]23OO4)OC(=O)CCC(O)=O,,,0,0,0,test,47,,False,True,user_designated_open_validation,original_open_candidate,91,public_train47,complement_of_frozen_benchmark50
NSA-Bench-Small,train,frozen_public_train47_benchmark50_seed3407,5df0d84c998ef68280986013cc323c10f9c1508ab42f904bae211ff24aaa0f80,benchmark.xlsx,val,50,,self_00265,Dihydroartemisinin (10mM),81496-82-4,3,Artesunate (10mM),88495-63-0,1,,,,1000,1,20,7,25,3,C[C@@H]1CC[C@H]2[C@H]([C@H](O[C@H]3[C@@]24[C@H]1CC[C@](O3)(OO4)C)O)C,C[C@@H]1CC[C@H]2[C@@H](C)[C@H](O[C@@H]3OC4(C)CC[C@@H]1[C@@]23OO4)OC(=O)CCC(O)=O,,,0,0,0,test,48,,False,True,user_designated_open_validation,original_open_candidate,92,public_train47,complement_of_frozen_benchmark50
NSA-Bench-Small,train,frozen_public_train47_benchmark50_seed3407,43f938320aba98c7e0e50d7dafcd3d8af3d9c197fd6af2c5fc24f865bae00760,benchmark.xlsx,val,51,,self_00266,Dihydroartemisinin (10mM),81496-82-4,2,Artesunate (10mM),88495-63-0,1,,,,1000,1,20,7,25,3,C[C@@H]1CC[C@H]2[C@H]([C@H](O[C@H]3[C@@]24[C@H]1CC[C@](O3)(OO4)C)O)C,C[C@@H]1CC[C@H]2[C@@H](C)[C@H](O[C@@H]3OC4(C)CC[C@@H]1[C@@]23OO4)OC(=O)CCC(O)=O,,,0,0,0,test,49,,False,True,user_designated_open_validation,original_open_candidate,93,public_train47,complement_of_frozen_benchmark50
NSA-Bench-Small,val,frozen_public_train47_benchmark50_seed3407,bb425c649b8fe0c9ca3413c0b906ab67e960740ce8d1b93f32a49ceeccab38d0,benchmark.xlsx,final_train,111,,self_00028,Chlorogenic Acid,327-97-9 ,0.5,Eupalinolide B, 877822-41-8 ,0.25,,,,933.6,0.5,20,7,25,2,O[C@@H]1C[C@](O)(C[C@@H](OC(=O)\C=C\c2ccc(O)c(O)c2)[C@@H]1O)C(O)=O,C/C/1=C\[C@@H]2[C@@H]([C@@H](C/C(=C/C[C@@H]1OC(=O)C)/COC(=O)C)OC(=O)/C(=C/CO)/C)C(=C)C(=O)O2,,,0,1,0,train,109,,False,True,user_authorized_negative_without_doi_2026-07-19,fixed_seed_3407_negative_addition,94,benchmark50,doi_and_unordered_pair_grouped_seed3407_50rows_20positive
NSA-Bench-Small,val,frozen_public_train47_benchmark50_seed3407,9591e9222400bf27712e87e3c79486248009b2cadbfc822c66be21cf30d25b45,benchmark.xlsx,final_train,134,,self_00074,Artesunate,88495-63-0,2,Chlorogenic acid,327-97-9,1,,,,475.5,0.41,10,7,40,10,C[C@@H]1CC[C@H]2[C@@H](C)[C@H](O[C@@H]3OC4(C)CC[C@@H]1[C@@]23OO4)OC(=O)CCC(O)=O,O[C@@H]1C[C@](O)(C[C@@H](OC(=O)\C=C\c2ccc(O)c(O)c2)[C@@H]1O)C(O)=O,,,0,1,0,train,132,,False,True,user_authorized_negative_without_doi_2026-07-19,fixed_seed_3407_negative_addition,95,benchmark50,doi_and_unordered_pair_grouped_seed3407_50rows_20positive
NSA-Bench-Small,train,frozen_public_train47_benchmark50_seed3407,39bd7c677b0734a3ec055038659c4311aa48cc781edf2f8eac9d834a7d4ce1f8,benchmark.xlsx,final_train,148,,self_00101,Artesunate,88495-63-0,1,Magnolol,528-43-8 ,4,,,,487.2,0.407,20,7,40,10,C[C@@H]1CC[C@H]2[C@@H](C)[C@H](O[C@@H]3OC4(C)CC[C@@H]1[C@@]23OO4)OC(=O)CCC(O)=O,Oc1ccc(CC=C)cc1c2cc(CC=C)ccc2O,,,0,1,0,train,146,,False,True,user_authorized_negative_without_doi_2026-07-19,fixed_seed_3407_negative_addition,96,public_train47,complement_of_frozen_benchmark50
