split,row_uid,source_file,source_sheet,source_row,chem_A_SMILES,chem_B_SMILES,label,chem_A_ratio,chem_B_ratio,Total concentration of preparations（mM),pH | pH of the solution,Temperature ( °C ) | Polymerization temperature,Polymerization time ( min ) | Reaction time
train,NSA0001,NSA_补充开源实验数据_500_SMILES_标签补全.xlsx,Sheet1,2,COC1=C(C=CC(=C1)[C@@H]2[C@H](OC3=C(O2)C=C(C=C3)[C@@H]4[C@H](C(=O)C5=C(C=C(C=C5O4)O)O)O)CO)O,Cc1coc2c3ccc4c(CCCC4(C)C)c3C(=O)C(=O)c12,0,1.0,0.1666666716337204,5.829999923706055,7.0,25.0,1.0
train,NSA0002,NSA_补充开源实验数据_500_SMILES_标签补全.xlsx,Sheet1,3,COC1=C(C=CC(=C1)[C@@H]2[C@H](OC3=C(O2)C=C(C=C3)[C@@H]4[C@H](C(=O)C5=C(C=C(C=C5O4)O)O)O)CO)O,Cc1coc2c3ccc4c(CCCC4(C)C)c3C(=O)C(=O)c12,0,1.0,0.5,7.5,7.0,25.0,1.0
train,NSA0003,NSA_补充开源实验数据_500_SMILES_标签补全.xlsx,Sheet1,4,COC1=C(C=CC(=C1)[C@@H]2[C@H](OC3=C(O2)C=C(C=C3)[C@@H]4[C@H](C(=O)C5=C(C=C(C=C5O4)O)O)O)CO)O,CC1(C)[C@H](CC[C@@]2(C)[C@H]1CC[C@]3(C)[C@@H]2C(=O)C=C4[C@@H]5C[C@](C)(CC[C@]5(C)CC[C@@]34C)C(O)=O)O[C@H]6O[C@@H]([C@@H](O)[C@H](O)[C@H]6O[C@@H]7O[C@@H]([C@@H](O)[C@H](O)[C@H]7O)C(O)=O)C(O)=O,0,1.0,0.20000000298023224,6.0,7.0,25.0,1.0
train,NSA0004,NSA_补充开源实验数据_500_SMILES_标签补全.xlsx,Sheet1,5,COC1=C(C=CC(=C1)[C@@H]2[C@H](OC3=C(O2)C=C(C=C3)[C@@H]4[C@H](C(=O)C5=C(C=C(C=C5O4)O)O)O)CO)O,CC1(C)[C@H](CC[C@@]2(C)[C@H]1CC[C@]3(C)[C@@H]2C(=O)C=C4[C@@H]5C[C@](C)(CC[C@]5(C)CC[C@@]34C)C(O)=O)O[C@H]6O[C@@H]([C@@H](O)[C@H](O)[C@H]6O[C@@H]7O[C@@H]([C@@H](O)[C@H](O)[C@H]7O)C(O)=O)C(O)=O,0,1.0,0.5,7.5,7.0,25.0,1.0
train,NSA0005,NSA_补充开源实验数据_500_SMILES_标签补全.xlsx,Sheet1,6,COC1=C(C=CC(=C1)[C@@H]2[C@H](OC3=C(O2)C=C(C=C3)[C@@H]4[C@H](C(=O)C5=C(C=C(C=C5O4)O)O)O)CO)O,O[C@@H]1[C@@H](O)[C@@H](O[C@@H]([C@H]1O)C(O)=O)Oc2cc3OC(=CC(=O)c3c(O)c2O)c4ccccc4,0,1.0,1.0,10.0,7.0,25.0,1.0
train,NSA0006,NSA_补充开源实验数据_500_SMILES_标签补全.xlsx,Sheet1,7,O=C1C=CC2=CC=C(OC)C(C/C=C(C)\C)=C2O1,COc1cc(C=CC(=O)O)ccc1O,0,1.0,0.5,15.0,7.0,25.0,1.0
train,NSA0007,NSA_补充开源实验数据_500_SMILES_标签补全.xlsx,Sheet1,8,O=C1C=CC2=CC=C(OC)C(C/C=C(C)\C)=C2O1,CC1(C)[C@H](CC[C@@]2(C)[C@H]1CC[C@]3(C)[C@@H]2C(=O)C=C4[C@@H]5C[C@](C)(CC[C@]5(C)CC[C@@]34C)C(O)=O)O[C@H]6O[C@@H]([C@@H](O)[C@H](O)[C@H]6O[C@@H]7O[C@@H]([C@@H](O)[C@H](O)[C@H]7O)C(O)=O)C(O)=O,0,1.0,0.20000000298023224,24.0,7.0,25.0,1.0
train,NSA0008,NSA_补充开源实验数据_500_SMILES_标签补全.xlsx,Sheet1,9,O=C1C=CC2=CC=C(OC)C(C/C=C(C)\C)=C2O1,CC1(C)[C@H](CC[C@@]2(C)[C@H]1CC[C@]3(C)[C@@H]2C(=O)C=C4[C@@H]5C[C@](C)(CC[C@]5(C)CC[C@@]34C)C(O)=O)O[C@H]6O[C@@H]([C@@H](O)[C@H](O)[C@H]6O[C@@H]7O[C@@H]([C@@H](O)[C@H](O)[C@H]7O)C(O)=O)C(O)=O,1,1.0,0.5,30.0,7.0,25.0,1.0
train,NSA0009,NSA_补充开源实验数据_500_SMILES_标签补全.xlsx,Sheet1,10,[Cl-].COc1ccc2cc3c4cc5OCOc5cc4CC[n+]3cc2c1OC,CC1(C)[C@H](CC[C@@]2(C)[C@H]1CC[C@]3(C)[C@@H]2C(=O)C=C4[C@@H]5C[C@](C)(CC[C@]5(C)CC[C@@]34C)C(O)=O)O[C@H]6O[C@@H]([C@@H](O)[C@H](O)[C@H]6O[C@@H]7O[C@@H]([C@@H](O)[C@H](O)[C@H]7O)C(O)=O)C(O)=O,1,1.0,0.05882352963089943,5.294000148773193,7.0,25.0,1.0
train,NSA0010,NSA_补充开源实验数据_500_SMILES_标签补全.xlsx,Sheet1,11,[Cl-].COc1ccc2cc3c4cc5OCOc5cc4CC[n+]3cc2c1OC,CC1(C)[C@H](CC[C@@]2(C)[C@H]1CC[C@]3(C)[C@@H]2C(=O)C=C4[C@@H]5C[C@](C)(CC[C@]5(C)CC[C@@]34C)C(O)=O)O[C@H]6O[C@@H]([C@@H](O)[C@H](O)[C@H]6O[C@@H]7O[C@@H]([C@@H](O)[C@H](O)[C@H]7O)C(O)=O)C(O)=O,1,1.0,0.5,7.5,7.0,25.0,1.0
train,NSA0011,NSA_补充开源实验数据_500_SMILES_标签补全.xlsx,Sheet1,12,[Cl-].COc1ccc2cc3c4cc5OCOc5cc4CC[n+]3cc2c1OC,Cc1cc(O)c2C(=O)c3c(O)cc(O)cc3C(=O)c2c1,0,1.0,0.25,6.25,7.0,25.0,1.0
train,NSA0012,NSA_补充开源实验数据_500_SMILES_标签补全.xlsx,Sheet1,13,[Cl-].COc1ccc2cc3c4cc5OCOc5cc4CC[n+]3cc2c1OC,Cc1cc(O)c2C(=O)c3c(O)cc(O)cc3C(=O)c2c1,0,1.0,0.5,7.5,7.0,25.0,1.0
train,NSA0014,NSA_补充开源实验数据_500_SMILES_标签补全.xlsx,Sheet1,15,COc1cc(\C=C\C(O)=C\C(=O)/C=C/c2ccc(O)c(OC)c2)ccc1O,CC1(C)[C@H](CC[C@@]2(C)[C@H]1CC[C@]3(C)[C@@H]2C(=O)C=C4[C@@H]5C[C@](C)(CC[C@]5(C)CC[C@@]34C)C(O)=O)O[C@H]6O[C@@H]([C@@H](O)[C@H](O)[C@H]6O[C@@H]7O[C@@H]([C@@H](O)[C@H](O)[C@H]7O)C(O)=O)C(O)=O,1,1.0,0.10000000149011612,12.0,7.0,25.0,1.0
train,NSA0015,NSA_补充开源实验数据_500_SMILES_标签补全.xlsx,Sheet1,16,COc1cc(\C=C\C(O)=C\C(=O)/C=C/c2ccc(O)c(OC)c2)ccc1O,CC1(C)[C@H](CC[C@@]2(C)[C@H]1CC[C@]3(C)[C@@H]2C(=O)C=C4[C@@H]5C[C@](C)(CC[C@]5(C)CC[C@@]34C)C(O)=O)O[C@H]6O[C@@H]([C@@H](O)[C@H](O)[C@H]6O[C@@H]7O[C@@H]([C@@H](O)[C@H](O)[C@H]7O)C(O)=O)C(O)=O,0,1.0,0.5,7.5,7.0,25.0,1.0
train,NSA0016,NSA_补充开源实验数据_500_SMILES_标签补全.xlsx,Sheet1,17,COc1cc(\C=C\C(O)=C\C(=O)/C=C/c2ccc(O)c(OC)c2)ccc1O,O[C@@H]1[C@@H](O)[C@@H](O[C@@H]([C@H]1O)C(O)=O)Oc2cc3OC(=CC(=O)c3c(O)c2O)c4ccccc4,0,1.0,1.0,6.599999904632568,7.0,25.0,1.0
train,NSA0017,NSA_补充开源实验数据_500_SMILES_标签补全.xlsx,Sheet1,18,COc1cc(\C=C\C(O)=C\C(=O)/C=C/c2ccc(O)c(OC)c2)ccc1O,O[C@@H]1[C@@H](O)[C@@H](O[C@@H]([C@H]1O)C(O)=O)Oc2cc3OC(=CC(=O)c3c(O)c2O)c4ccccc4,0,1.0,2.0,9.899999618530273,7.0,25.0,1.0
train,NSA0018,NSA_补充开源实验数据_500_SMILES_标签补全.xlsx,Sheet1,19,COc1cc(\C=C\C(O)=C\C(=O)/C=C/c2ccc(O)c(OC)c2)ccc1O,Oc1cc(O)c2C(=O)C(=C(Oc2c1)c3ccc(O)c(O)c3)O,0,1.0,0.5,7.5,7.0,25.0,1.0
train,NSA0019,NSA_补充开源实验数据_500_SMILES_标签补全.xlsx,Sheet1,20,COc1cc(\C=C\C(O)=C\C(=O)/C=C/c2ccc(O)c(OC)c2)ccc1O,Oc1cc(O)c2C(=O)C(=C(Oc2c1)c3ccc(O)c(O)c3)O,1,1.0,2.0,15.0,7.0,25.0,1.0
train,NSA0020,NSA_补充开源实验数据_500_SMILES_标签补全.xlsx,Sheet1,21,OC[C@H]1O[C@H]([C@H](O)[C@@H](O)[C@@H]1O)c2c(O)ccc3C(=O)C(=COc23)c4ccc(O)cc4,CC1(C)[C@H](CC[C@@]2(C)[C@H]1CC[C@]3(C)[C@@H]2C(=O)C=C4[C@@H]5C[C@](C)(CC[C@]5(C)CC[C@@]34C)C(O)=O)O[C@H]6O[C@@H]([C@@H](O)[C@H](O)[C@H]6O[C@@H]7O[C@@H]([C@@H](O)[C@H](O)[C@H]7O)C(O)=O)C(O)=O,1,1.0,0.1428571492433548,22.860000610351562,7.0,25.0,1.0
train,NSA0021,NSA_补充开源实验数据_500_SMILES_标签补全.xlsx,Sheet1,22,OC[C@H]1O[C@H]([C@H](O)[C@@H](O)[C@@H]1O)c2c(O)ccc3C(=O)C(=COc23)c4ccc(O)cc4,CC1(C)[C@H](CC[C@@]2(C)[C@H]1CC[C@]3(C)[C@@H]2C(=O)C=C4[C@@H]5C[C@](C)(CC[C@]5(C)CC[C@@]34C)C(O)=O)O[C@H]6O[C@@H]([C@@H](O)[C@H](O)[C@H]6O[C@@H]7O[C@@H]([C@@H](O)[C@H](O)[C@H]7O)C(O)=O)C(O)=O,1,1.0,0.5,30.0,7.0,25.0,1.0
train,NSA0022,NSA_补充开源实验数据_500_SMILES_标签补全.xlsx,Sheet1,23,OC[C@H]1O[C@H]([C@H](O)[C@@H](O)[C@@H]1O)c2c(O)ccc3C(=O)C(=COc23)c4ccc(O)cc4,Cc1coc2c3ccc4c(CCCC4(C)C)c3C(=O)C(=O)c12,0,1.0,0.125,22.5,7.0,25.0,1.0
train,NSA0023,NSA_补充开源实验数据_500_SMILES_标签补全.xlsx,Sheet1,24,OC[C@H]1O[C@H]([C@H](O)[C@@H](O)[C@@H]1O)c2c(O)ccc3C(=O)C(=COc23)c4ccc(O)cc4,Cc1coc2c3ccc4c(CCCC4(C)C)c3C(=O)C(=O)c12,1,1.0,0.5,30.0,7.0,25.0,1.0
train,NSA0026,NSA_补充开源实验数据_500_SMILES_标签补全.xlsx,Sheet1,27,OCC1OC(Oc2cc(O)c3c(c2)OC(CC3=O)c2ccc(cc2)O)C(C(C1O)O)OC1OC(C)C(C(C1O)O)O,C=CCC1=CC(=C(C=C1)O)C2=C(C=CC(=C2)CC=C)O,1,1.0,1.0,40.0,7.0,25.0,1.0
train,NSA0027,NSA_补充开源实验数据_500_SMILES_标签补全.xlsx,Sheet1,28,OCC1OC(Oc2cc(O)c3c(c2)OC(CC3=O)c2ccc(cc2)O)C(C(C1O)O)OC1OC(C)C(C(C1O)O)O,C=CCC1=CC(=C(C=C1)O)C2=C(C=CC(=C2)CC=C)O,1,1.0,2.0,60.0,7.0,25.0,1.0
train,NSA0028,NSA_补充开源实验数据_500_SMILES_标签补全.xlsx,Sheet1,29,OCC1OC(Oc2cc(O)c3c(c2)OC(CC3=O)c2ccc(cc2)O)C(C(C1O)O)OC1OC(C)C(C(C1O)O)O,CC1OC(OC2CCC3(C)C(CCC4(C)C3C=CC35OCC6(CCC(C)(C)CC63)C(O)CC45C)C2(C)CO)C(O)C(OC2OC(CO)C(O)C(O)C2O)C1O,1,1.0,0.125,22.5,7.0,25.0,1.0
train,NSA0029,NSA_补充开源实验数据_500_SMILES_标签补全.xlsx,Sheet1,30,OCC1OC(Oc2cc(O)c3c(c2)OC(CC3=O)c2ccc(cc2)O)C(C(C1O)O)OC1OC(C)C(C(C1O)O)O,CC1OC(OC2CCC3(C)C(CCC4(C)C3C=CC35OCC6(CCC(C)(C)CC63)C(O)CC45C)C2(C)CO)C(O)C(OC2OC(CO)C(O)C(O)C2O)C1O,1,1.0,0.5,30.0,7.0,25.0,1.0
train,NSA0030,NSA_补充开源实验数据_500_SMILES_标签补全.xlsx,Sheet1,31,OCC1OC(Oc2cc(O)c3c(c2)OC(CC3=O)c2ccc(cc2)O)C(C(C1O)O)OC1OC(C)C(C(C1O)O)O,CC1(C)[C@H](CC[C@@]2(C)[C@H]1CC[C@]3(C)[C@@H]2C(=O)C=C4[C@@H]5C[C@](C)(CC[C@]5(C)CC[C@@]34C)C(O)=O)O[C@H]6O[C@@H]([C@@H](O)[C@H](O)[C@H]6O[C@@H]7O[C@@H]([C@@H](O)[C@H](O)[C@H]7O)C(O)=O)C(O)=O,0,1.0,0.1111111119389534,22.219999313354492,7.0,25.0,1.0
train,NSA0031,NSA_补充开源实验数据_500_SMILES_标签补全.xlsx,Sheet1,32,OCC1OC(Oc2cc(O)c3c(c2)OC(CC3=O)c2ccc(cc2)O)C(C(C1O)O)OC1OC(C)C(C(C1O)O)O,CC1(C)[C@H](CC[C@@]2(C)[C@H]1CC[C@]3(C)[C@@H]2C(=O)C=C4[C@@H]5C[C@](C)(CC[C@]5(C)CC[C@@]34C)C(O)=O)O[C@H]6O[C@@H]([C@@H](O)[C@H](O)[C@H]6O[C@@H]7O[C@@H]([C@@H](O)[C@H](O)[C@H]7O)C(O)=O)C(O)=O,1,1.0,0.5,30.0,7.0,25.0,1.0
train,NSA0034,NSA_补充开源实验数据_500_SMILES_标签补全.xlsx,Sheet1,35,CC1=C(O)C(=O)C=C2C1=CC=C3[C@@]2(C)CC[C@@]4(C)[C@@H]5C[C@@](C)(CC[C@]5(C)CC[C@]34C)C(O)=O,CC1(C)[C@H](CC[C@@]2(C)[C@H]1CC[C@]3(C)[C@@H]2C(=O)C=C4[C@@H]5C[C@](C)(CC[C@]5(C)CC[C@@]34C)C(O)=O)O[C@H]6O[C@@H]([C@@H](O)[C@H](O)[C@H]6O[C@@H]7O[C@@H]([C@@H](O)[C@H](O)[C@H]7O)C(O)=O)C(O)=O,1,1.0,1.0,20.0,7.0,25.0,1.0
train,NSA0035,NSA_补充开源实验数据_500_SMILES_标签补全.xlsx,Sheet1,36,CC1=C(O)C(=O)C=C2C1=CC=C3[C@@]2(C)CC[C@@]4(C)[C@@H]5C[C@@](C)(CC[C@]5(C)CC[C@]34C)C(O)=O,CC1(C)[C@H](CC[C@@]2(C)[C@H]1CC[C@]3(C)[C@@H]2C(=O)C=C4[C@@H]5C[C@](C)(CC[C@]5(C)CC[C@@]34C)C(O)=O)O[C@H]6O[C@@H]([C@@H](O)[C@H](O)[C@H]6O[C@@H]7O[C@@H]([C@@H](O)[C@H](O)[C@H]7O)C(O)=O)C(O)=O,1,1.0,2.0,30.0,7.0,25.0,1.0
train,NSA0036,NSA_补充开源实验数据_500_SMILES_标签补全.xlsx,Sheet1,37,CC1=C(O)C(=O)C=C2C1=CC=C3[C@@]2(C)CC[C@@]4(C)[C@@H]5C[C@@](C)(CC[C@]5(C)CC[C@]34C)C(O)=O,COc1cc(C=CC(=O)O)ccc1O,0,1.0,1.0,20.0,7.0,25.0,1.0
train,NSA0037,NSA_补充开源实验数据_500_SMILES_标签补全.xlsx,Sheet1,38,CC1=C(O)C(=O)C=C2C1=CC=C3[C@@]2(C)CC[C@@]4(C)[C@@H]5C[C@@](C)(CC[C@]5(C)CC[C@]34C)C(O)=O,COc1cc(C=CC(=O)O)ccc1O,0,1.0,2.0,30.0,7.0,25.0,1.0
train,NSA0038,NSA_补充开源实验数据_500_SMILES_标签补全.xlsx,Sheet1,39,CC1=C(O)C(=O)C=C2C1=CC=C3[C@@]2(C)CC[C@@]4(C)[C@@H]5C[C@@](C)(CC[C@]5(C)CC[C@]34C)C(O)=O,O[C@@H]1[C@@H](O)[C@@H](O[C@@H]([C@H]1O)C(O)=O)Oc2cc3OC(=CC(=O)c3c(O)c2O)c4ccccc4,1,1.0,2.0,9.899999618530273,7.0,25.0,1.0
train,NSA0039,NSA_补充开源实验数据_500_SMILES_标签补全.xlsx,Sheet1,40,C=CCC1=CC(=C(C=C1)O)C2=C(C=CC(=C2)CC=C)O,[Cl-].COc1ccc2cc3c4cc5OCOc5cc4CC[n+]3cc2c1OC,0,1.0,1.0,10.0,7.0,25.0,1.0
train,NSA0040,NSA_补充开源实验数据_500_SMILES_标签补全.xlsx,Sheet1,41,C=CCC1=CC(=C(C=C1)O)C2=C(C=CC(=C2)CC=C)O,[Cl-].COc1ccc2cc3c4cc5OCOc5cc4CC[n+]3cc2c1OC,1,1.0,2.0,15.0,7.0,25.0,1.0
train,NSA0041,NSA_补充开源实验数据_500_SMILES_标签补全.xlsx,Sheet1,42,C=CCC1=CC(=C(C=C1)O)C2=C(C=CC(=C2)CC=C)O,CC1(C)[C@H](CC[C@@]2(C)[C@H]1CC[C@]3(C)[C@@H]2C(=O)C=C4[C@@H]5C[C@](C)(CC[C@]5(C)CC[C@@]34C)C(O)=O)O[C@H]6O[C@@H]([C@@H](O)[C@H](O)[C@H]6O[C@@H]7O[C@@H]([C@@H](O)[C@H](O)[C@H]7O)C(O)=O)C(O)=O,1,1.0,1.0,20.0,7.0,25.0,1.0
train,NSA0042,NSA_补充开源实验数据_500_SMILES_标签补全.xlsx,Sheet1,43,C=CCC1=CC(=C(C=C1)O)C2=C(C=CC(=C2)CC=C)O,CC1(C)[C@H](CC[C@@]2(C)[C@H]1CC[C@]3(C)[C@@H]2C(=O)C=C4[C@@H]5C[C@](C)(CC[C@]5(C)CC[C@@]34C)C(O)=O)O[C@H]6O[C@@H]([C@@H](O)[C@H](O)[C@H]6O[C@@H]7O[C@@H]([C@@H](O)[C@H](O)[C@H]7O)C(O)=O)C(O)=O,0,1.0,2.0,30.0,7.0,25.0,1.0
train,NSA0043,NSA_补充开源实验数据_500_SMILES_标签补全.xlsx,Sheet1,44,C=CCC1=CC(=C(C=C1)O)C2=C(C=CC(=C2)CC=C)O,O[C@@H]1C[C@](O)(C[C@@H](OC(=O)\C=C\c2ccc(O)c(O)c2)[C@@H]1O)C(O)=O,1,1.0,1.0,20.0,7.0,25.0,1.0
train,NSA0044,NSA_补充开源实验数据_500_SMILES_标签补全.xlsx,Sheet1,45,C=CCC1=CC(=C(C=C1)O)C2=C(C=CC(=C2)CC=C)O,O[C@@H]1C[C@](O)(C[C@@H](OC(=O)\C=C\c2ccc(O)c(O)c2)[C@@H]1O)C(O)=O,1,1.0,2.0,30.0,7.0,25.0,1.0
train,NSA0045,NSA_补充开源实验数据_500_SMILES_标签补全.xlsx,Sheet1,46,C=CCC1=CC(=C(C=C1)O)C2=C(C=CC(=C2)CC=C)O,Oc1cc(O)c2C(=O)C=C(Oc2c1)c3ccc(O)c(O)c3,0,1.0,2.0,15.0,7.0,25.0,1.0
train,NSA0046,NSA_补充开源实验数据_500_SMILES_标签补全.xlsx,Sheet1,47,Oc1cc(O)c2C(=O)C=C(Oc2c1)c3ccc(O)c(O)c3,CC1=C(O)C(=O)C=C2C1=CC=C3[C@@]2(C)CC[C@@]4(C)[C@@H]5C[C@@](C)(CC[C@]5(C)CC[C@]34C)C(O)=O,1,1.0,0.3333333432674408,6.670000076293945,7.0,25.0,1.0
train,NSA0047,NSA_补充开源实验数据_500_SMILES_标签补全.xlsx,Sheet1,48,Oc1cc(O)c2C(=O)C=C(Oc2c1)c3ccc(O)c(O)c3,CC1=C(O)C(=O)C=C2C1=CC=C3[C@@]2(C)CC[C@@]4(C)[C@@H]5C[C@@](C)(CC[C@]5(C)CC[C@]34C)C(O)=O,1,1.0,1.0,10.0,7.0,25.0,1.0
train,NSA0050,NSA_补充开源实验数据_500_SMILES_标签补全.xlsx,Sheet1,51,Oc1cc(O)c2C(=O)C=C(Oc2c1)c3ccc(O)c(O)c3,CC1(C)[C@H](CC[C@@]2(C)[C@H]1CC[C@]3(C)[C@@H]2C(=O)C=C4[C@@H]5C[C@](C)(CC[C@]5(C)CC[C@@]34C)C(O)=O)O[C@H]6O[C@@H]([C@@H](O)[C@H](O)[C@H]6O[C@@H]7O[C@@H]([C@@H](O)[C@H](O)[C@H]7O)C(O)=O)C(O)=O,0,1.0,1.0,10.0,7.0,25.0,1.0
train,NSA0051,NSA_补充开源实验数据_500_SMILES_标签补全.xlsx,Sheet1,52,Oc1cc(O)c2C(=O)C=C(Oc2c1)c3ccc(O)c(O)c3,CC1(C)[C@H](CC[C@@]2(C)[C@H]1CC[C@]3(C)[C@@H]2C(=O)C=C4[C@@H]5C[C@](C)(CC[C@]5(C)CC[C@@]34C)C(O)=O)O[C@H]6O[C@@H]([C@@H](O)[C@H](O)[C@H]6O[C@@H]7O[C@@H]([C@@H](O)[C@H](O)[C@H]7O)C(O)=O)C(O)=O,0,1.0,2.0,15.0,7.0,25.0,1.0
train,NSA0052,NSA_补充开源实验数据_500_SMILES_标签补全.xlsx,Sheet1,53,CC(=CC=CC1(C2CCC3(C2(CCC(=CC3)C(=O)OC)OC(=O)C)C(=O)O1)C)C(=O)O,[Cl-].COc1ccc2cc3c4cc5OCOc5cc4CC[n+]3cc2c1OC,0,1.0,2.0,15.0,7.0,25.0,1.0
train,NSA0053,NSA_补充开源实验数据_500_SMILES_标签补全.xlsx,Sheet1,54,CC(=CC=CC1(C2CCC3(C2(CCC(=CC3)C(=O)OC)OC(=O)C)C(=O)O1)C)C(=O)O,[Cl-].COc1ccc2cc3c4cc5OCOc5cc4CC[n+]3cc2c1OC,1,1.0,1.0,10.0,7.0,25.0,1.0
train,NSA0061,NSA_补充开源实验数据_500_SMILES_标签补全.xlsx,Sheet1,62,CC(=CC=CC1(C2CCC3(C2(CCC(=CC3)C(=O)OC)OC(=O)C)C(=O)O1)C)C(=O)O,O[C@@H]1C[C@](O)(C[C@@H](OC(=O)\C=C\c2ccc(O)c(O)c2)[C@@H]1O)C(O)=O,1,1.0,1.0,20.0,7.0,25.0,1.0
train,NSA0062,NSA_补充开源实验数据_500_SMILES_标签补全.xlsx,Sheet1,63,CC(=CC=CC1(C2CCC3(C2(CCC(=CC3)C(=O)OC)OC(=O)C)C(=O)O1)C)C(=O)O,O[C@@H]1C[C@](O)(C[C@@H](OC(=O)\C=C\c2ccc(O)c(O)c2)[C@@H]1O)C(O)=O,1,1.0,2.0,30.0,7.0,25.0,1.0
train,NSA0063,NSA_补充开源实验数据_500_SMILES_标签补全.xlsx,Sheet1,64,Oc1ccc(cc1)C2=C(O)C(=O)c3c(O)cc(O)cc3O2,[Cl-].COc1ccc2cc3c4cc5OCOc5cc4CC[n+]3cc2c1OC,0,1.0,1.0,10.0,7.0,25.0,1.0
train,NSA0064,NSA_补充开源实验数据_500_SMILES_标签补全.xlsx,Sheet1,65,Oc1ccc(cc1)C2=C(O)C(=O)c3c(O)cc(O)cc3O2,[Cl-].COc1ccc2cc3c4cc5OCOc5cc4CC[n+]3cc2c1OC,0,1.0,2.0,15.0,7.0,25.0,1.0
train,NSA0065,NSA_补充开源实验数据_500_SMILES_标签补全.xlsx,Sheet1,66,Oc1ccc(cc1)C2=C(O)C(=O)c3c(O)cc(O)cc3O2,Oc1cc(O)c2C(=O)C=C(Oc2c1)c3ccc(O)c(O)c3,0,1.0,1.0,10.0,7.0,25.0,1.0
train,NSA0066,NSA_补充开源实验数据_500_SMILES_标签补全.xlsx,Sheet1,67,Oc1ccc(cc1)C2=C(O)C(=O)c3c(O)cc(O)cc3O2,Oc1cc(O)c2C(=O)C=C(Oc2c1)c3ccc(O)c(O)c3,0,1.0,2.0,15.0,7.0,25.0,1.0
train,NSA0067,NSA_补充开源实验数据_500_SMILES_标签补全.xlsx,Sheet1,68,Oc1ccc(cc1)C2=C(O)C(=O)c3c(O)cc(O)cc3O2,O[C@@H]1[C@@H](O)[C@@H](O[C@@H]([C@H]1O)C(O)=O)Oc2cc3OC(=CC(=O)c3c(O)c2O)c4ccccc4,0,1.0,2.0,9.899999618530273,7.0,25.0,1.0
train,NSA0068,NSA_补充开源实验数据_500_SMILES_标签补全.xlsx,Sheet1,69,Oc1ccc(cc1)C2=C(O)C(=O)c3c(O)cc(O)cc3O2,O[C@@H]1[C@@H](O)[C@@H](O[C@@H]([C@H]1O)C(O)=O)Oc2cc3OC(=CC(=O)c3c(O)c2O)c4ccccc4,0,1.0,1.0,6.599999904632568,7.0,25.0,1.0
train,NSA0069,NSA_补充开源实验数据_500_SMILES_标签补全.xlsx,Sheet1,70,Oc1ccc(cc1)C2=C(O)C(=O)c3c(O)cc(O)cc3O2,O[C@@H]1C[C@](O)(C[C@@H](OC(=O)\C=C\c2ccc(O)c(O)c2)[C@@H]1O)C(O)=O,0,1.0,1.0,20.0,7.0,25.0,1.0
train,NSA0070,NSA_补充开源实验数据_500_SMILES_标签补全.xlsx,Sheet1,71,Oc1ccc(cc1)C2=C(O)C(=O)c3c(O)cc(O)cc3O2,O[C@@H]1C[C@](O)(C[C@@H](OC(=O)\C=C\c2ccc(O)c(O)c2)[C@@H]1O)C(O)=O,0,1.0,2.0,30.0,7.0,25.0,1.0
train,NSA0071,NSA_补充开源实验数据_500_SMILES_标签补全.xlsx,Sheet1,72,Oc1ccc(cc1)C2=C(O)C(=O)c3c(O)cc(O)cc3O2,Oc1cc(O)c2C(=O)C(=C(Oc2c1)c3ccc(O)c(O)c3)O,0,1.0,1.0,40.0,7.0,25.0,1.0
train,NSA0072,NSA_补充开源实验数据_500_SMILES_标签补全.xlsx,Sheet1,73,Oc1ccc(cc1)C2=C(O)C(=O)c3c(O)cc(O)cc3O2,Oc1cc(O)c2C(=O)C(=C(Oc2c1)c3ccc(O)c(O)c3)O,0,1.0,2.0,60.0,7.0,25.0,1.0
train,NSA0073,NSA_补充开源实验数据_500_SMILES_标签补全.xlsx,Sheet1,74,Oc1ccc(cc1)C2=C(O)C(=O)c3c(O)cc(O)cc3O2,C=CCC1=CC(=C(C=C1)O)C2=C(C=CC(=C2)CC=C)O,0,1.0,1.0,40.0,7.0,25.0,1.0
train,NSA0074,NSA_补充开源实验数据_500_SMILES_标签补全.xlsx,Sheet1,75,Oc1ccc(cc1)C2=C(O)C(=O)c3c(O)cc(O)cc3O2,C=CCC1=CC(=C(C=C1)O)C2=C(C=CC(=C2)CC=C)O,0,1.0,2.0,60.0,7.0,25.0,1.0
train,NSA0075,NSA_补充开源实验数据_500_SMILES_标签补全.xlsx,Sheet1,76,Oc1ccc(cc1)C2=C(O)C(=O)c3c(O)cc(O)cc3O2,CC1(C)[C@H](CC[C@@]2(C)[C@H]1CC[C@]3(C)[C@@H]2C(=O)C=C4[C@@H]5C[C@](C)(CC[C@]5(C)CC[C@@]34C)C(O)=O)O[C@H]6O[C@@H]([C@@H](O)[C@H](O)[C@H]6O[C@@H]7O[C@@H]([C@@H](O)[C@H](O)[C@H]7O)C(O)=O)C(O)=O,1,1.0,2.0,30.0,7.0,25.0,1.0
train,NSA0076,NSA_补充开源实验数据_500_SMILES_标签补全.xlsx,Sheet1,77,Oc1ccc(cc1)C2=C(O)C(=O)c3c(O)cc(O)cc3O2,CC(=CC=CC1(C2CCC3(C2(CCC(=CC3)C(=O)OC)OC(=O)C)C(=O)O1)C)C(=O)O,0,1.0,1.0,40.0,7.0,25.0,1.0
train,NSA0077,NSA_补充开源实验数据_500_SMILES_标签补全.xlsx,Sheet1,78,Oc1ccc(cc1)C2=C(O)C(=O)c3c(O)cc(O)cc3O2,CC(=CC=CC1(C2CCC3(C2(CCC(=CC3)C(=O)OC)OC(=O)C)C(=O)O1)C)C(=O)O,0,1.0,2.0,60.0,7.0,25.0,1.0
train,NSA0080,NSA_补充开源实验数据_500_SMILES_标签补全.xlsx,Sheet1,81,Oc1ccc(cc1)C2=C(O)C(=O)c3c(O)cc(O)cc3O2,Cc1nc(C)c(C)nc1C,0,1.0,1.0,20.0,7.0,25.0,1.0
train,NSA0081,NSA_补充开源实验数据_500_SMILES_标签补全.xlsx,Sheet1,82,Oc1ccc(cc1)C2=C(O)C(=O)c3c(O)cc(O)cc3O2,Cc1nc(C)c(C)nc1C,0,1.0,2.0,30.0,7.0,25.0,1.0
train,NSA0082,NSA_补充开源实验数据_500_SMILES_标签补全.xlsx,Sheet1,83,O1[C@H]([C@@H]([C@H]([C@@H]([C@H]1CO[C@@H]4O[C@H]([C@@H]([C@H]([C@H]4O)O)O)C)OC(=O)\C=C\c3cc(c(cc3)O)O)O)O)OCCc2cc(c(cc2)O)O,[Cl-].COc1ccc2cc3c4cc5OCOc5cc4CC[n+]3cc2c1OC,1,1.0,1.0,10.0,7.0,25.0,1.0
train,NSA0083,NSA_补充开源实验数据_500_SMILES_标签补全.xlsx,Sheet1,84,O1[C@H]([C@@H]([C@H]([C@@H]([C@H]1CO[C@@H]4O[C@H]([C@@H]([C@H]([C@H]4O)O)O)C)OC(=O)\C=C\c3cc(c(cc3)O)O)O)O)OCCc2cc(c(cc2)O)O,[Cl-].COc1ccc2cc3c4cc5OCOc5cc4CC[n+]3cc2c1OC,1,1.0,2.0,15.0,7.0,25.0,1.0
train,NSA0084,NSA_补充开源实验数据_500_SMILES_标签补全.xlsx,Sheet1,85,O1[C@H]([C@@H]([C@H]([C@@H]([C@H]1CO[C@@H]4O[C@H]([C@@H]([C@H]([C@H]4O)O)O)C)OC(=O)\C=C\c3cc(c(cc3)O)O)O)O)OCCc2cc(c(cc2)O)O,Oc1cc(O)c2C(=O)C=C(Oc2c1)c3ccc(O)c(O)c3,0,1.0,1.0,10.0,7.0,25.0,1.0
train,NSA0085,NSA_补充开源实验数据_500_SMILES_标签补全.xlsx,Sheet1,86,O1[C@H]([C@@H]([C@H]([C@@H]([C@H]1CO[C@@H]4O[C@H]([C@@H]([C@H]([C@H]4O)O)O)C)OC(=O)\C=C\c3cc(c(cc3)O)O)O)O)OCCc2cc(c(cc2)O)O,Oc1cc(O)c2C(=O)C=C(Oc2c1)c3ccc(O)c(O)c3,0,1.0,2.0,15.0,7.0,25.0,1.0
train,NSA0088,NSA_补充开源实验数据_500_SMILES_标签补全.xlsx,Sheet1,89,O1[C@H]([C@@H]([C@H]([C@@H]([C@H]1CO[C@@H]4O[C@H]([C@@H]([C@H]([C@H]4O)O)O)C)OC(=O)\C=C\c3cc(c(cc3)O)O)O)O)OCCc2cc(c(cc2)O)O,CC(=CC=CC1(C2CCC3(C2(CCC(=CC3)C(=O)OC)OC(=O)C)C(=O)O1)C)C(=O)O,0,1.0,1.0,20.0,7.0,25.0,1.0
train,NSA0091,NSA_补充开源实验数据_500_SMILES_标签补全.xlsx,Sheet1,92,O1[C@H]([C@@H]([C@H]([C@@H]([C@H]1CO[C@@H]4O[C@H]([C@@H]([C@H]([C@H]4O)O)O)C)OC(=O)\C=C\c3cc(c(cc3)O)O)O)O)OCCc2cc(c(cc2)O)O,CC1=C(O)C(=O)C=C2C1=CC=C3[C@@]2(C)CC[C@@]4(C)[C@@H]5C[C@@](C)(CC[C@]5(C)CC[C@]34C)C(O)=O,1,1.0,0.3333333432674408,13.329999923706055,7.0,25.0,1.0
train,NSA0094,NSA_补充开源实验数据_500_SMILES_标签补全.xlsx,Sheet1,95,OC(=O)c1cc(O)c(O)c(O)c1,O[C@@H]1C[C@](O)(C[C@@H](OC(=O)\C=C\c2ccc(O)c(O)c2)[C@@H]1O)C(O)=O,1,1.0,1.0,20.0,7.0,25.0,1.0
train,NSA0095,NSA_补充开源实验数据_500_SMILES_标签补全.xlsx,Sheet1,96,OC(=O)c1cc(O)c(O)c(O)c1,O[C@@H]1C[C@](O)(C[C@@H](OC(=O)\C=C\c2ccc(O)c(O)c2)[C@@H]1O)C(O)=O,0,1.0,0.5,15.0,7.0,25.0,1.0
train,NSA0096,NSA_补充开源实验数据_500_SMILES_标签补全.xlsx,Sheet1,97,OC(=O)c1cc(O)c(O)c(O)c1,Oc1cc(O)c2C(=O)C=C(Oc2c1)c3ccc(O)c(O)c3,0,1.0,1.0,10.0,7.0,25.0,1.0
train,NSA0097,NSA_补充开源实验数据_500_SMILES_标签补全.xlsx,Sheet1,98,OC(=O)c1cc(O)c(O)c(O)c1,Oc1ccc(cc1)C2=C(O)C(=O)c3c(O)cc(O)cc3O2,0,1.0,1.0,40.0,7.0,25.0,1.0
train,NSA0098,NSA_补充开源实验数据_500_SMILES_标签补全.xlsx,Sheet1,99,OC(=O)c1cc(O)c(O)c(O)c1,Cc1cc(O)c2C(=O)c3c(O)cc(O)cc3C(=O)c2c1,0,1.0,0.3333333432674408,26.670000076293945,7.0,25.0,1.0
train,NSA0099,NSA_补充开源实验数据_500_SMILES_标签补全.xlsx,Sheet1,100,OC(=O)c1cc(O)c(O)c(O)c1,Cc1cc(O)c2C(=O)c3c(O)cc(O)cc3C(=O)c2c1,0,1.0,1.0,30.0,7.0,25.0,1.0
train,NSA0100,NSA_补充开源实验数据_500_SMILES_标签补全.xlsx,Sheet1,101,OC(=O)c1cc(O)c(O)c(O)c1,CC1=C(O)C(=O)C=C2C1=CC=C3[C@@]2(C)CC[C@@]4(C)[C@@H]5C[C@@](C)(CC[C@]5(C)CC[C@]34C)C(O)=O,0,1.0,0.1666666716337204,23.329999923706055,7.0,25.0,1.0
train,NSA0101,NSA_补充开源实验数据_500_SMILES_标签补全.xlsx,Sheet1,102,OC(=O)c1cc(O)c(O)c(O)c1,CC1=C(O)C(=O)C=C2C1=CC=C3[C@@]2(C)CC[C@@]4(C)[C@@H]5C[C@@](C)(CC[C@]5(C)CC[C@]34C)C(O)=O,0,1.0,0.5,30.0,7.0,25.0,1.0
train,NSA0102,NSA_补充开源实验数据_500_SMILES_标签补全.xlsx,Sheet1,103,OC(=O)c1cc(O)c(O)c(O)c1,O1[C@H]([C@@H]([C@H]([C@@H]([C@H]1CO[C@@H]4O[C@H]([C@@H]([C@H]([C@H]4O)O)O)C)OC(=O)\C=C\c3cc(c(cc3)O)O)O)O)OCCc2cc(c(cc2)O)O,0,1.0,3.0,40.0,7.0,25.0,1.0
train,NSA0103,NSA_补充开源实验数据_500_SMILES_标签补全.xlsx,Sheet1,104,OC(=O)c1cc(O)c(O)c(O)c1,O1[C@H]([C@@H]([C@H]([C@@H]([C@H]1CO[C@@H]4O[C@H]([C@@H]([C@H]([C@H]4O)O)O)C)OC(=O)\C=C\c3cc(c(cc3)O)O)O)O)OCCc2cc(c(cc2)O)O,1,1.0,4.0,50.0,7.0,25.0,1.0
train,NSA0106,NSA_补充开源实验数据_500_SMILES_标签补全.xlsx,Sheet1,107,OC(=O)c1cc(O)c(O)c(O)c1,CC1OC(OC2CCC3(C)C(CCC4(C)C3C=CC35OCC6(CCC(C)(C)CC63)C(O)CC45C)C2(C)CO)C(O)C(OC2OC(CO)C(O)C(O)C2O)C1O,1,1.0,3.0,80.0,7.0,25.0,1.0
train,NSA0107,NSA_补充开源实验数据_500_SMILES_标签补全.xlsx,Sheet1,108,OC(=O)c1cc(O)c(O)c(O)c1,CC1OC(OC2CCC3(C)C(CCC4(C)C3C=CC35OCC6(CCC(C)(C)CC63)C(O)CC45C)C2(C)CO)C(O)C(OC2OC(CO)C(O)C(O)C2O)C1O,1,1.0,5.0,120.0,7.0,25.0,1.0
train,NSA0108,NSA_补充开源实验数据_500_SMILES_标签补全.xlsx,Sheet1,109,OC(=O)c1cc(O)c(O)c(O)c1,O[C@@H]1[C@@H](O)[C@@H](O[C@@H]([C@H]1O)C(O)=O)Oc2cc3OC(=CC(=O)c3c(O)c2O)c4ccccc4,1,1.0,0.5,4.949999809265137,7.0,25.0,1.0
train,NSA0109,NSA_补充开源实验数据_500_SMILES_标签补全.xlsx,Sheet1,110,OC(=O)c1cc(O)c(O)c(O)c1,O[C@@H]1[C@@H](O)[C@@H](O[C@@H]([C@H]1O)C(O)=O)Oc2cc3OC(=CC(=O)c3c(O)c2O)c4ccccc4,0,1.0,1.0,6.599999904632568,7.0,25.0,1.0
train,NSA0110,NSA_补充开源实验数据_500_SMILES_标签补全.xlsx,Sheet1,111,OC(=O)c1cc(O)c(O)c(O)c1,COc1cc(C=CC(=O)O)ccc1O,1,1.0,0.3333333432674408,26.670000076293945,7.0,25.0,1.0
train,NSA0111,NSA_补充开源实验数据_500_SMILES_标签补全.xlsx,Sheet1,112,OC(=O)c1cc(O)c(O)c(O)c1,COc1cc(C=CC(=O)O)ccc1O,0,1.0,0.25,25.0,7.0,25.0,1.0
train,NSA0112,NSA_补充开源实验数据_500_SMILES_标签补全.xlsx,Sheet1,113,OC(=O)c1cc(O)c(O)c(O)c1,[Cl-].COc1ccc2cc3c4cc5OCOc5cc4CC[n+]3cc2c1OC,0,1.0,0.5,7.5,7.0,25.0,1.0
train,NSA0113,NSA_补充开源实验数据_500_SMILES_标签补全.xlsx,Sheet1,114,OC(=O)c1cc(O)c(O)c(O)c1,[Cl-].COc1ccc2cc3c4cc5OCOc5cc4CC[n+]3cc2c1OC,1,1.0,1.0,10.0,7.0,25.0,1.0
train,NSA0114,NSA_补充开源实验数据_500_SMILES_标签补全.xlsx,Sheet1,115,OC(=O)c1cc(O)c(O)c(O)c1,CC(=CC=CC1(C2CCC3(C2(CCC(=CC3)C(=O)OC)OC(=O)C)C(=O)O1)C)C(=O)O,0,1.0,0.25,25.0,7.0,25.0,1.0
train,NSA0115,NSA_补充开源实验数据_500_SMILES_标签补全.xlsx,Sheet1,116,OC(=O)c1cc(O)c(O)c(O)c1,CC(=CC=CC1(C2CCC3(C2(CCC(=CC3)C(=O)OC)OC(=O)C)C(=O)O1)C)C(=O)O,0,1.0,0.5,30.0,7.0,25.0,1.0
train,NSA0116,NSA_补充开源实验数据_500_SMILES_标签补全.xlsx,Sheet1,117,OC(=O)c1cc(O)c(O)c(O)c1,OCC1OC(Oc2cc(O)c3c(c2)OC(CC3=O)c2ccc(cc2)O)C(C(C1O)O)OC1OC(C)C(C(C1O)O)O,1,1.0,0.3333333432674408,26.670000076293945,7.0,25.0,1.0
train,NSA0117,NSA_补充开源实验数据_500_SMILES_标签补全.xlsx,Sheet1,118,OC(=O)c1cc(O)c(O)c(O)c1,OCC1OC(Oc2cc(O)c3c(c2)OC(CC3=O)c2ccc(cc2)O)C(C(C1O)O)OC1OC(C)C(C(C1O)O)O,1,1.0,0.5,30.0,7.0,25.0,1.0
train,NSA0118,NSA_补充开源实验数据_500_SMILES_标签补全.xlsx,Sheet1,119,OC(=O)c1cc(O)c(O)c(O)c1,Cc1nc(C)c(C)nc1C,1,1.0,2.0,30.0,7.0,25.0,1.0
train,NSA0119,NSA_补充开源实验数据_500_SMILES_标签补全.xlsx,Sheet1,120,OC(=O)c1cc(O)c(O)c(O)c1,Cc1nc(C)c(C)nc1C,1,1.0,3.0,40.0,7.0,25.0,1.0
train,NSA0120,NSA_补充开源实验数据_500_SMILES_标签补全.xlsx,Sheet1,121,OC(=O)c1cc(O)c(O)c(O)c1,O=C1C=CC2=CC=C(OC)C(C/C=C(C)\C)=C2O1,0,1.0,0.3333333432674408,26.670000076293945,7.0,25.0,1.0
train,NSA0121,NSA_补充开源实验数据_500_SMILES_标签补全.xlsx,Sheet1,122,OC(=O)c1cc(O)c(O)c(O)c1,O=C1C=CC2=CC=C(OC)C(C/C=C(C)\C)=C2O1,0,1.0,0.5,30.0,7.0,25.0,1.0
train,NSA0122,NSA_补充开源实验数据_500_SMILES_标签补全.xlsx,Sheet1,123,OC(=O)c1cc(O)c(O)c(O)c1,COC1=C(C=CC(=C1)[C@@H]2[C@H](OC3=C(O2)C=C(C=C3)[C@@H]4[C@H](C(=O)C5=C(C=C(C=C5O4)O)O)O)CO)O,0,1.0,2.0,15.0,7.0,25.0,1.0
train,NSA0123,NSA_补充开源实验数据_500_SMILES_标签补全.xlsx,Sheet1,124,OC(=O)c1cc(O)c(O)c(O)c1,COC1=C(C=CC(=C1)[C@@H]2[C@H](OC3=C(O2)C=C(C=C3)[C@@H]4[C@H](C(=O)C5=C(C=C(C=C5O4)O)O)O)CO)O,1,1.0,1.0,10.0,7.0,25.0,1.0
train,NSA0124,NSA_补充开源实验数据_500_SMILES_标签补全.xlsx,Sheet1,125,OC(=O)c1cc(O)c(O)c(O)c1,Cc1coc2c3ccc4c(CCCC4(C)C)c3C(=O)C(=O)c12,1,1.0,2.0,15.0,7.0,25.0,1.0
train,NSA0125,NSA_补充开源实验数据_500_SMILES_标签补全.xlsx,Sheet1,126,OC(=O)c1cc(O)c(O)c(O)c1,OC[C@H]1O[C@H]([C@H](O)[C@@H](O)[C@@H]1O)c2c(O)ccc3C(=O)C(=COc23)c4ccc(O)cc4,1,1.0,2.0,60.0,7.0,25.0,1.0
train,NSA0126,NSA_补充开源实验数据_500_SMILES_标签补全.xlsx,Sheet1,127,OC(=O)c1cc(O)c(O)c(O)c1,OC[C@H]1O[C@H]([C@H](O)[C@@H](O)[C@@H]1O)c2c(O)ccc3C(=O)C(=COc23)c4ccc(O)cc4,1,1.0,1.0,40.0,7.0,25.0,1.0
train,NSA0127,NSA_补充开源实验数据_500_SMILES_标签补全.xlsx,Sheet1,128,C[C@@]12C[C@@]3(O)O[C@@H](O1)[C@]5(COC(=O)c4ccccc4)[C@H]3C[C@]25O[C@@H]6O[C@H](CO)[C@@H](O)[C@H](O)[C@H]6O,O[C@@H]1[C@@H](O)[C@@H](O[C@@H]([C@H]1O)C(O)=O)Oc2cc3OC(=CC(=O)c3c(O)c2O)c4ccccc4,0,1.0,1.0,6.599999904632568,7.0,25.0,1.0
train,NSA0128,NSA_补充开源实验数据_500_SMILES_标签补全.xlsx,Sheet1,129,C[C@@]12C[C@@]3(O)O[C@@H](O1)[C@]5(COC(=O)c4ccccc4)[C@H]3C[C@]25O[C@@H]6O[C@H](CO)[C@@H](O)[C@H](O)[C@H]6O,[Cl-].COc1ccc2cc3c4cc5OCOc5cc4CC[n+]3cc2c1OC,1,1.0,4.0,10.0,7.0,25.0,1.0
train,NSA0129,NSA_补充开源实验数据_500_SMILES_标签补全.xlsx,Sheet1,130,C[C@@]12C[C@@]3(O)O[C@@H](O1)[C@]5(COC(=O)c4ccccc4)[C@H]3C[C@]25O[C@@H]6O[C@H](CO)[C@@H](O)[C@H](O)[C@H]6O,[Cl-].COc1ccc2cc3c4cc5OCOc5cc4CC[n+]3cc2c1OC,1,1.0,1.0,6.0,7.0,25.0,1.0
train,NSA0130,NSA_补充开源实验数据_500_SMILES_标签补全.xlsx,Sheet1,131,C[C@@]12C[C@@]3(O)O[C@@H](O1)[C@]5(COC(=O)c4ccccc4)[C@H]3C[C@]25O[C@@H]6O[C@H](CO)[C@@H](O)[C@H](O)[C@H]6O,Cc1cc(O)c2C(=O)c3c(O)cc(O)cc3C(=O)c2c1,0,1.0,0.20000000298023224,12.0,7.0,25.0,1.0
train,NSA0131,NSA_补充开源实验数据_500_SMILES_标签补全.xlsx,Sheet1,132,C[C@@]12C[C@@]3(O)O[C@@H](O1)[C@]5(COC(=O)c4ccccc4)[C@H]3C[C@]25O[C@@H]6O[C@H](CO)[C@@H](O)[C@H](O)[C@H]6O,COc1cc(C=CC(=O)O)ccc1O,1,1.0,1.0,20.0,7.0,25.0,1.0
train,NSA0132,NSA_补充开源实验数据_500_SMILES_标签补全.xlsx,Sheet1,133,C[C@@]12C[C@@]3(O)O[C@@H](O1)[C@]5(COC(=O)c4ccccc4)[C@H]3C[C@]25O[C@@H]6O[C@H](CO)[C@@H](O)[C@H](O)[C@H]6O,CC1(C)[C@H](CC[C@@]2(C)[C@H]1CC[C@]3(C)[C@@H]2C(=O)C=C4[C@@H]5C[C@](C)(CC[C@]5(C)CC[C@@]34C)C(O)=O)O[C@H]6O[C@@H]([C@@H](O)[C@H](O)[C@H]6O[C@@H]7O[C@@H]([C@@H](O)[C@H](O)[C@H]7O)C(O)=O)C(O)=O,0,1.0,0.5,15.0,7.0,25.0,1.0
train,NSA0133,NSA_补充开源实验数据_500_SMILES_标签补全.xlsx,Sheet1,134,C[C@@]12C[C@@]3(O)O[C@@H](O1)[C@]5(COC(=O)c4ccccc4)[C@H]3C[C@]25O[C@@H]6O[C@H](CO)[C@@H](O)[C@H](O)[C@H]6O,CC1OC(OC2CCC3(C)C(CCC4(C)C3C=CC35OCC6(CCC(C)(C)CC63)C(O)CC45C)C2(C)CO)C(O)C(OC2OC(CO)C(O)C(O)C2O)C1O,1,1.0,1.0,20.0,7.0,25.0,1.0
train,NSA0134,NSA_补充开源实验数据_500_SMILES_标签补全.xlsx,Sheet1,135,C[C@@]12C[C@@]3(O)O[C@@H](O1)[C@]5(COC(=O)c4ccccc4)[C@H]3C[C@]25O[C@@H]6O[C@H](CO)[C@@H](O)[C@H](O)[C@H]6O,Oc1cc(O)c2C(=O)C(=C(Oc2c1)c3ccc(O)c(O)c3)O,1,1.0,5.0,24.0,7.0,25.0,1.0
train,NSA0135,NSA_补充开源实验数据_500_SMILES_标签补全.xlsx,Sheet1,136,C[C@@]12C[C@@]3(O)O[C@@H](O1)[C@]5(COC(=O)c4ccccc4)[C@H]3C[C@]25O[C@@H]6O[C@H](CO)[C@@H](O)[C@H](O)[C@H]6O,OC[C@H]1O[C@H]([C@H](O)[C@@H](O)[C@@H]1O)c2c(O)ccc3C(=O)C(=COc23)c4ccc(O)cc4,0,1.0,1.0,40.0,7.0,25.0,1.0
train,NSA0136,NSA_补充开源实验数据_500_SMILES_标签补全.xlsx,Sheet1,137,C[C@@]12C[C@@]3(O)O[C@@H](O1)[C@]5(COC(=O)c4ccccc4)[C@H]3C[C@]25O[C@@H]6O[C@H](CO)[C@@H](O)[C@H](O)[C@H]6O,OC[C@H]1O[C@H]([C@H](O)[C@@H](O)[C@@H]1O)c2c(O)ccc3C(=O)C(=COc23)c4ccc(O)cc4,1,1.0,8.0,22.5,7.0,25.0,1.0
train,NSA0137,NSA_补充开源实验数据_500_SMILES_标签补全.xlsx,Sheet1,138,C[C@@]12C[C@@]3(O)O[C@@H](O1)[C@]5(COC(=O)c4ccccc4)[C@H]3C[C@]25O[C@@H]6O[C@H](CO)[C@@H](O)[C@H](O)[C@H]6O,Oc1cc(O)c2C(=O)C=C(Oc2c1)c3ccc(O)c(O)c3,0,1.0,4.0,6.25,7.0,25.0,1.0
train,NSA0138,NSA_补充开源实验数据_500_SMILES_标签补全.xlsx,Sheet1,139,C[C@@]12C[C@@]3(O)O[C@@H](O1)[C@]5(COC(=O)c4ccccc4)[C@H]3C[C@]25O[C@@H]6O[C@H](CO)[C@@H](O)[C@H](O)[C@H]6O,Oc1cc(O)c2C(=O)C=C(Oc2c1)c3ccc(O)c(O)c3,0,1.0,6.0,5.829999923706055,7.0,25.0,1.0
train,NSA0139,NSA_补充开源实验数据_500_SMILES_标签补全.xlsx,Sheet1,140,C[C@@]12C[C@@]3(O)O[C@@H](O1)[C@]5(COC(=O)c4ccccc4)[C@H]3C[C@]25O[C@@H]6O[C@H](CO)[C@@H](O)[C@H](O)[C@H]6O,Cc1coc2c3ccc4c(CCCC4(C)C)c3C(=O)C(=O)c12,0,1.0,0.25,12.5,7.0,25.0,1.0
train,NSA0140,NSA_补充开源实验数据_500_SMILES_标签补全.xlsx,Sheet1,141,C[C@@]12C[C@@]3(O)O[C@@H](O1)[C@]5(COC(=O)c4ccccc4)[C@H]3C[C@]25O[C@@H]6O[C@H](CO)[C@@H](O)[C@H](O)[C@H]6O,Cc1coc2c3ccc4c(CCCC4(C)C)c3C(=O)C(=O)c12,0,1.0,0.20000000298023224,12.0,7.0,25.0,1.0
train,NSA0141,NSA_补充开源实验数据_500_SMILES_标签补全.xlsx,Sheet1,142,C[C@@]12C[C@@]3(O)O[C@@H](O1)[C@]5(COC(=O)c4ccccc4)[C@H]3C[C@]25O[C@@H]6O[C@H](CO)[C@@H](O)[C@H](O)[C@H]6O,CC1=C(O)C(=O)C=C2C1=CC=C3[C@@]2(C)CC[C@@]4(C)[C@@H]5C[C@@](C)(CC[C@]5(C)CC[C@]34C)C(O)=O,1,1.0,0.10000000149011612,11.0,7.0,25.0,1.0
train,NSA0142,NSA_补充开源实验数据_500_SMILES_标签补全.xlsx,Sheet1,143,C[C@@]12C[C@@]3(O)O[C@@H](O1)[C@]5(COC(=O)c4ccccc4)[C@H]3C[C@]25O[C@@H]6O[C@H](CO)[C@@H](O)[C@H](O)[C@H]6O,CC1=C(O)C(=O)C=C2C1=CC=C3[C@@]2(C)CC[C@@]4(C)[C@@H]5C[C@@](C)(CC[C@]5(C)CC[C@]34C)C(O)=O,1,1.0,0.1428571492433548,11.430000305175781,7.0,25.0,1.0
train,NSA0147,NSA_补充开源实验数据_500_SMILES_标签补全.xlsx,Sheet1,148,C[C@@]12C[C@@]3(O)O[C@@H](O1)[C@]5(COC(=O)c4ccccc4)[C@H]3C[C@]25O[C@@H]6O[C@H](CO)[C@@H](O)[C@H](O)[C@H]6O,Oc1ccc(cc1)C2=C(O)C(=O)c3c(O)cc(O)cc3O2,0,1.0,0.25,12.5,7.0,25.0,1.0
train,NSA0148,NSA_补充开源实验数据_500_SMILES_标签补全.xlsx,Sheet1,149,C[C@@]12C[C@@]3(O)O[C@@H](O1)[C@]5(COC(=O)c4ccccc4)[C@H]3C[C@]25O[C@@H]6O[C@H](CO)[C@@H](O)[C@H](O)[C@H]6O,Oc1ccc(cc1)C2=C(O)C(=O)c3c(O)cc(O)cc3O2,0,1.0,0.3333333432674408,13.329999923706055,7.0,25.0,1.0
train,NSA0149,NSA_补充开源实验数据_500_SMILES_标签补全.xlsx,Sheet1,150,O=C1OCC2=C1CC[C@]3(C)[C@]4(O5)[C@@H]5[C@H]6[C@@](O6)(C(C)C)[C@@H](O)[C@]4(O7)[C@@H]7C[C@]32[H],C[C@@]12C[C@@]3(O)O[C@@H](O1)[C@]5(COC(=O)c4ccccc4)[C@H]3C[C@]25O[C@@H]6O[C@H](CO)[C@@H](O)[C@H](O)[C@H]6O,0,1.0,2.0,30.0,7.0,25.0,1.0
train,NSA0150,NSA_补充开源实验数据_500_SMILES_标签补全.xlsx,Sheet1,151,O=C1OCC2=C1CC[C@]3(C)[C@]4(O5)[C@@H]5[C@H]6[C@@](O6)(C(C)C)[C@@H](O)[C@]4(O7)[C@@H]7C[C@]32[H],C[C@@]12C[C@@]3(O)O[C@@H](O1)[C@]5(COC(=O)c4ccccc4)[C@H]3C[C@]25O[C@@H]6O[C@H](CO)[C@@H](O)[C@H](O)[C@H]6O,0,1.0,4.0,50.0,7.0,25.0,1.0
train,NSA0151,NSA_补充开源实验数据_500_SMILES_标签补全.xlsx,Sheet1,152,O=C1OCC2=C1CC[C@]3(C)[C@]4(O5)[C@@H]5[C@H]6[C@@](O6)(C(C)C)[C@@H](O)[C@]4(O7)[C@@H]7C[C@]32[H],CC1(C)[C@H](CC[C@@]2(C)[C@H]1CC[C@]3(C)[C@@H]2C(=O)C=C4[C@@H]5C[C@](C)(CC[C@]5(C)CC[C@@]34C)C(O)=O)O[C@H]6O[C@@H]([C@@H](O)[C@H](O)[C@H]6O[C@@H]7O[C@@H]([C@@H](O)[C@H](O)[C@H]7O)C(O)=O)C(O)=O,1,1.0,4.0,50.0,7.0,25.0,1.0
train,NSA0152,NSA_补充开源实验数据_500_SMILES_标签补全.xlsx,Sheet1,153,O=C1OCC2=C1CC[C@]3(C)[C@]4(O5)[C@@H]5[C@H]6[C@@](O6)(C(C)C)[C@@H](O)[C@]4(O7)[C@@H]7C[C@]32[H],CC1(C)[C@H](CC[C@@]2(C)[C@H]1CC[C@]3(C)[C@@H]2C(=O)C=C4[C@@H]5C[C@](C)(CC[C@]5(C)CC[C@@]34C)C(O)=O)O[C@H]6O[C@@H]([C@@H](O)[C@H](O)[C@H]6O[C@@H]7O[C@@H]([C@@H](O)[C@H](O)[C@H]7O)C(O)=O)C(O)=O,1,1.0,2.0,30.0,7.0,25.0,1.0
train,NSA0153,NSA_补充开源实验数据_500_SMILES_标签补全.xlsx,Sheet1,154,O=C1OCC2=C1CC[C@]3(C)[C@]4(O5)[C@@H]5[C@H]6[C@@](O6)(C(C)C)[C@@H](O)[C@]4(O7)[C@@H]7C[C@]32[H],Cc1nc(C)c(C)nc1C,0,1.0,6.0,70.0,7.0,25.0,1.0
train,NSA0154,NSA_补充开源实验数据_500_SMILES_标签补全.xlsx,Sheet1,155,O=C1OCC2=C1CC[C@]3(C)[C@]4(O5)[C@@H]5[C@H]6[C@@](O6)(C(C)C)[C@@H](O)[C@]4(O7)[C@@H]7C[C@]32[H],Cc1nc(C)c(C)nc1C,1,1.0,2.0,30.0,7.0,25.0,1.0
train,NSA0155,NSA_补充开源实验数据_500_SMILES_标签补全.xlsx,Sheet1,156,O=C1OCC2=C1CC[C@]3(C)[C@]4(O5)[C@@H]5[C@H]6[C@@](O6)(C(C)C)[C@@H](O)[C@]4(O7)[C@@H]7C[C@]32[H],COc1cc(C=CC(=O)O)ccc1O,1,1.0,2.0,30.0,7.0,25.0,1.0
train,NSA0156,NSA_补充开源实验数据_500_SMILES_标签补全.xlsx,Sheet1,157,O=C1OCC2=C1CC[C@]3(C)[C@]4(O5)[C@@H]5[C@H]6[C@@](O6)(C(C)C)[C@@H](O)[C@]4(O7)[C@@H]7C[C@]32[H],Oc1ccc(cc1)/C=C/c2cc(O)cc(O)c2,1,1.0,0.1111111119389534,5.559999942779541,7.0,25.0,1.0
train,NSA0157,NSA_补充开源实验数据_500_SMILES_标签补全.xlsx,Sheet1,158,O=C1OCC2=C1CC[C@]3(C)[C@]4(O5)[C@@H]5[C@H]6[C@@](O6)(C(C)C)[C@@H](O)[C@]4(O7)[C@@H]7C[C@]32[H],Oc1ccc(cc1)/C=C/c2cc(O)cc(O)c2,1,1.0,0.1428571492433548,5.710000038146973,7.0,25.0,1.0
train,NSA0158,NSA_补充开源实验数据_500_SMILES_标签补全.xlsx,Sheet1,159,Oc1ccc(cc1)/C=C/c2cc(O)cc(O)c2,Cc1coc2c3ccc4c(CCCC4(C)C)c3C(=O)C(=O)c12,1,1.0,1.0,10.0,7.0,25.0,1.0
train,NSA0159,NSA_补充开源实验数据_500_SMILES_标签补全.xlsx,Sheet1,160,Oc1ccc(cc1)/C=C/c2cc(O)cc(O)c2,Cc1coc2c3ccc4c(CCCC4(C)C)c3C(=O)C(=O)c12,0,1.0,2.0,25.0,7.0,25.0,1.0
train,NSA0162,NSA_补充开源实验数据_500_SMILES_标签补全.xlsx,Sheet1,163,Oc1ccc(cc1)/C=C/c2cc(O)cc(O)c2,O[C@@H]1C[C@](O)(C[C@@H](OC(=O)\C=C\c2ccc(O)c(O)c2)[C@@H]1O)C(O)=O,1,1.0,1.0,20.0,7.0,25.0,1.0
train,NSA0163,NSA_补充开源实验数据_500_SMILES_标签补全.xlsx,Sheet1,164,Oc1ccc(cc1)/C=C/c2cc(O)cc(O)c2,O[C@@H]1C[C@](O)(C[C@@H](OC(=O)\C=C\c2ccc(O)c(O)c2)[C@@H]1O)C(O)=O,1,1.0,2.0,30.0,7.0,25.0,1.0
train,NSA0164,NSA_补充开源实验数据_500_SMILES_标签补全.xlsx,Sheet1,165,Oc1ccc(cc1)/C=C/c2cc(O)cc(O)c2,COc1cc(\C=C\C(O)=C\C(=O)/C=C/c2ccc(O)c(OC)c2)ccc1O,0,1.0,1.0,10.0,7.0,25.0,1.0
train,NSA0165,NSA_补充开源实验数据_500_SMILES_标签补全.xlsx,Sheet1,166,Oc1ccc(cc1)/C=C/c2cc(O)cc(O)c2,COc1cc(\C=C\C(O)=C\C(=O)/C=C/c2ccc(O)c(OC)c2)ccc1O,0,1.0,2.0,15.0,7.0,25.0,1.0
train,NSA0168,NSA_补充开源实验数据_500_SMILES_标签补全.xlsx,Sheet1,169,O[C@H]1[C@@H]([C@@]2([C@]([C@H]3[C@]([C@@H]4C[C@@H](C(=O)C(C4=CC3)(C)C)O)(C(=O)C2)C)(C1)C)C)[C@](O)(C)C(=O)\C=C\C(OC(=O)C)(C)C,C[C@@]12C[C@@]3(O)O[C@@H](O1)[C@]5(COC(=O)c4ccccc4)[C@H]3C[C@]25O[C@@H]6O[C@H](CO)[C@@H](O)[C@H](O)[C@H]6O,0,1.0,4.0,50.0,7.0,25.0,1.0
train,NSA0169,NSA_补充开源实验数据_500_SMILES_标签补全.xlsx,Sheet1,170,O[C@H]1[C@@H]([C@@]2([C@]([C@H]3[C@]([C@@H]4C[C@@H](C(=O)C(C4=CC3)(C)C)O)(C(=O)C2)C)(C1)C)C)[C@](O)(C)C(=O)\C=C\C(OC(=O)C)(C)C,C[C@@]12C[C@@]3(O)O[C@@H](O1)[C@]5(COC(=O)c4ccccc4)[C@H]3C[C@]25O[C@@H]6O[C@H](CO)[C@@H](O)[C@H](O)[C@H]6O,1,1.0,5.0,60.0,7.0,25.0,1.0
train,NSA0171,NSA_补充开源实验数据_500_SMILES_标签补全.xlsx,Sheet1,172,CC1(CCC23C1C4C(CCC2(O3)C)C(=C)C(=O)O4)O,O=C1OC(C(C2)=C1C)=C[C@]3(C)[C@]2([H])C(CCC3)=C,1,1.0,1.0,20.0,7.0,25.0,1.0
train,NSA0174,NSA_补充开源实验数据_500_SMILES_标签补全.xlsx,Sheet1,175,COC1=C(C=CC(=C1)[C@@H]2[C@H](OC3=C(O2)C=C(C=C3)[C@@H]4[C@H](C(=O)C5=C(C=C(C=C5O4)O)O)O)CO)O,CC(=CC=CC1(C2CCC3(C2(CCC(=CC3)C(=O)OC)OC(=O)C)C(=O)O1)C)C(=O)O,0,1.0,3.0,20.0,7.0,25.0,1.0
train,NSA0175,NSA_补充开源实验数据_500_SMILES_标签补全.xlsx,Sheet1,176,COC1=C(C=CC(=C1)[C@@H]2[C@H](OC3=C(O2)C=C(C=C3)[C@@H]4[C@H](C(=O)C5=C(C=C(C=C5O4)O)O)O)CO)O,CC(=CC=CC1(C2CCC3(C2(CCC(=CC3)C(=O)OC)OC(=O)C)C(=O)O1)C)C(=O)O,0,1.0,2.0,15.0,7.0,25.0,1.0
train,NSA0178,NSA_补充开源实验数据_500_SMILES_标签补全.xlsx,Sheet1,179,CC1(C)[C@@H](O)CC[C@@]2(C)[C@H]1CC[C@]3(C)[C@@H]2C(=O)C=C4[C@@H]5C[C@](C)(CC[C@]5(C)CC[C@@]34C)C(O)=O,COc1cc(C=CC(=O)O)ccc1O,1,1.0,5.0,120.0,7.0,25.0,1.0
train,NSA0179,NSA_补充开源实验数据_500_SMILES_标签补全.xlsx,Sheet1,180,CC1(C)[C@@H](O)CC[C@@]2(C)[C@H]1CC[C@]3(C)[C@@H]2C(=O)C=C4[C@@H]5C[C@](C)(CC[C@]5(C)CC[C@@]34C)C(O)=O,COc1cc(C=CC(=O)O)ccc1O,0,1.0,2.0,60.0,7.0,25.0,1.0
train,NSA0180,NSA_补充开源实验数据_500_SMILES_标签补全.xlsx,Sheet1,181,CC1(C)[C@@H](O)CC[C@@]2(C)[C@H]1CC[C@]3(C)[C@@H]2C(=O)C=C4[C@@H]5C[C@](C)(CC[C@]5(C)CC[C@@]34C)C(O)=O,O[C@@H]1[C@@H](O)[C@@H](O[C@@H]([C@H]1O)C(O)=O)Oc2cc3OC(=CC(=O)c3c(O)c2O)c4ccccc4,0,1.0,3.0,80.0,7.0,25.0,1.0
train,NSA0181,NSA_补充开源实验数据_500_SMILES_标签补全.xlsx,Sheet1,182,CC1(C)[C@@H](O)CC[C@@]2(C)[C@H]1CC[C@]3(C)[C@@H]2C(=O)C=C4[C@@H]5C[C@](C)(CC[C@]5(C)CC[C@@]34C)C(O)=O,O[C@@H]1[C@@H](O)[C@@H](O[C@@H]([C@H]1O)C(O)=O)Oc2cc3OC(=CC(=O)c3c(O)c2O)c4ccccc4,0,1.0,1.0,40.0,7.0,25.0,1.0
train,NSA0182,NSA_补充开源实验数据_500_SMILES_标签补全.xlsx,Sheet1,183,CC1(C)[C@@H](O)CC[C@@]2(C)[C@H]1CC[C@]3(C)[C@@H]2C(=O)C=C4[C@@H]5C[C@](C)(CC[C@]5(C)CC[C@@]34C)C(O)=O,Cc1cc(O)c2C(=O)c3c(O)cc(O)cc3C(=O)c2c1,0,1.0,2.0,60.0,7.0,25.0,1.0
train,NSA0183,NSA_补充开源实验数据_500_SMILES_标签补全.xlsx,Sheet1,184,CC1(C)[C@@H](O)CC[C@@]2(C)[C@H]1CC[C@]3(C)[C@@H]2C(=O)C=C4[C@@H]5C[C@](C)(CC[C@]5(C)CC[C@@]34C)C(O)=O,Oc1cc(O)c2C(=O)C(=C(Oc2c1)c3ccc(O)c(O)c3)O,0,1.0,1.0,40.0,7.0,25.0,1.0
train,NSA0184,NSA_补充开源实验数据_500_SMILES_标签补全.xlsx,Sheet1,185,CC1(C)[C@@H](O)CC[C@@]2(C)[C@H]1CC[C@]3(C)[C@@H]2C(=O)C=C4[C@@H]5C[C@](C)(CC[C@]5(C)CC[C@@]34C)C(O)=O,Oc1cc(O)c2C(=O)C(=C(Oc2c1)c3ccc(O)c(O)c3)O,0,1.0,2.0,60.0,7.0,25.0,1.0
train,NSA0185,NSA_补充开源实验数据_500_SMILES_标签补全.xlsx,Sheet1,186,CC1(C)[C@@H](O)CC[C@@]2(C)[C@H]1CC[C@]3(C)[C@@H]2C(=O)C=C4[C@@H]5C[C@](C)(CC[C@]5(C)CC[C@@]34C)C(O)=O,Oc1cc(O)c2C(=O)C=C(Oc2c1)c3ccc(O)c(O)c3,0,1.0,2.0,60.0,7.0,25.0,1.0
train,NSA0186,NSA_补充开源实验数据_500_SMILES_标签补全.xlsx,Sheet1,187,CC1(C)[C@@H](O)CC[C@@]2(C)[C@H]1CC[C@]3(C)[C@@H]2C(=O)C=C4[C@@H]5C[C@](C)(CC[C@]5(C)CC[C@@]34C)C(O)=O,Oc1cc(O)c2C(=O)C=C(Oc2c1)c3ccc(O)c(O)c3,0,1.0,1.0,40.0,7.0,25.0,1.0
train,NSA0187,NSA_补充开源实验数据_500_SMILES_标签补全.xlsx,Sheet1,188,CC1(C)[C@@H](O)CC[C@@]2(C)[C@H]1CC[C@]3(C)[C@@H]2C(=O)C=C4[C@@H]5C[C@](C)(CC[C@]5(C)CC[C@@]34C)C(O)=O,O1[C@H]([C@@H]([C@H]([C@@H]([C@H]1CO[C@@H]4O[C@H]([C@@H]([C@H]([C@H]4O)O)O)C)OC(=O)\C=C\c3cc(c(cc3)O)O)O)O)OCCc2cc(c(cc2)O)O,0,1.0,1.0,40.0,7.0,25.0,1.0
train,NSA0188,NSA_补充开源实验数据_500_SMILES_标签补全.xlsx,Sheet1,189,CC1(C)[C@@H](O)CC[C@@]2(C)[C@H]1CC[C@]3(C)[C@@H]2C(=O)C=C4[C@@H]5C[C@](C)(CC[C@]5(C)CC[C@@]34C)C(O)=O,O1[C@H]([C@@H]([C@H]([C@@H]([C@H]1CO[C@@H]4O[C@H]([C@@H]([C@H]([C@H]4O)O)O)C)OC(=O)\C=C\c3cc(c(cc3)O)O)O)O)OCCc2cc(c(cc2)O)O,0,1.0,2.0,60.0,7.0,25.0,1.0
train,NSA0189,NSA_补充开源实验数据_500_SMILES_标签补全.xlsx,Sheet1,190,CC1(C)[C@@H](O)CC[C@@]2(C)[C@H]1CC[C@]3(C)[C@@H]2C(=O)C=C4[C@@H]5C[C@](C)(CC[C@]5(C)CC[C@@]34C)C(O)=O,C=CCC1=CC(=C(C=C1)O)C2=C(C=CC(=C2)CC=C)O,1,1.0,1.0,40.0,7.0,25.0,1.0
train,NSA0190,NSA_补充开源实验数据_500_SMILES_标签补全.xlsx,Sheet1,191,CC1(C)[C@@H](O)CC[C@@]2(C)[C@H]1CC[C@]3(C)[C@@H]2C(=O)C=C4[C@@H]5C[C@](C)(CC[C@]5(C)CC[C@@]34C)C(O)=O,C=CCC1=CC(=C(C=C1)O)C2=C(C=CC(=C2)CC=C)O,0,1.0,2.0,60.0,7.0,25.0,1.0
train,NSA0191,NSA_补充开源实验数据_500_SMILES_标签补全.xlsx,Sheet1,192,CC1(C)[C@@H](O)CC[C@@]2(C)[C@H]1CC[C@]3(C)[C@@H]2C(=O)C=C4[C@@H]5C[C@](C)(CC[C@]5(C)CC[C@@]34C)C(O)=O,[Cl-].COc1ccc2cc3c4cc5OCOc5cc4CC[n+]3cc2c1OC,0,1.0,1.0,40.0,7.0,25.0,1.0
train,NSA0192,NSA_补充开源实验数据_500_SMILES_标签补全.xlsx,Sheet1,193,CC1(C)[C@@H](O)CC[C@@]2(C)[C@H]1CC[C@]3(C)[C@@H]2C(=O)C=C4[C@@H]5C[C@](C)(CC[C@]5(C)CC[C@@]34C)C(O)=O,[Cl-].COc1ccc2cc3c4cc5OCOc5cc4CC[n+]3cc2c1OC,0,1.0,2.0,60.0,7.0,25.0,1.0
train,NSA0193,NSA_补充开源实验数据_500_SMILES_标签补全.xlsx,Sheet1,194,CC1(C)[C@@H](O)CC[C@@]2(C)[C@H]1CC[C@]3(C)[C@@H]2C(=O)C=C4[C@@H]5C[C@](C)(CC[C@]5(C)CC[C@@]34C)C(O)=O,CC1=C(O)C(=O)C=C2C1=CC=C3[C@@]2(C)CC[C@@]4(C)[C@@H]5C[C@@](C)(CC[C@]5(C)CC[C@]34C)C(O)=O,0,1.0,1.0,40.0,7.0,25.0,1.0
train,NSA0194,NSA_补充开源实验数据_500_SMILES_标签补全.xlsx,Sheet1,195,CC1(C)[C@@H](O)CC[C@@]2(C)[C@H]1CC[C@]3(C)[C@@H]2C(=O)C=C4[C@@H]5C[C@](C)(CC[C@]5(C)CC[C@@]34C)C(O)=O,CC1=C(O)C(=O)C=C2C1=CC=C3[C@@]2(C)CC[C@@]4(C)[C@@H]5C[C@@](C)(CC[C@]5(C)CC[C@]34C)C(O)=O,0,1.0,2.0,60.0,7.0,25.0,1.0
train,NSA0197,NSA_补充开源实验数据_500_SMILES_标签补全.xlsx,Sheet1,198,CC1(C)[C@@H](O)CC[C@@]2(C)[C@H]1CC[C@]3(C)[C@@H]2C(=O)C=C4[C@@H]5C[C@](C)(CC[C@]5(C)CC[C@@]34C)C(O)=O,O[C@H]1[C@@H]([C@@]2([C@]([C@H]3[C@]([C@@H]4C[C@@H](C(=O)C(C4=CC3)(C)C)O)(C(=O)C2)C)(C1)C)C)[C@](O)(C)C(=O)\C=C\C(OC(=O)C)(C)C,0,1.0,1.0,40.0,7.0,25.0,1.0
train,NSA0198,NSA_补充开源实验数据_500_SMILES_标签补全.xlsx,Sheet1,199,CC1(C)[C@@H](O)CC[C@@]2(C)[C@H]1CC[C@]3(C)[C@@H]2C(=O)C=C4[C@@H]5C[C@](C)(CC[C@]5(C)CC[C@@]34C)C(O)=O,O[C@H]1[C@@H]([C@@]2([C@]([C@H]3[C@]([C@@H]4C[C@@H](C(=O)C(C4=CC3)(C)C)O)(C(=O)C2)C)(C1)C)C)[C@](O)(C)C(=O)\C=C\C(OC(=O)C)(C)C,0,1.0,0.5,30.0,7.0,25.0,1.0
train,NSA0199,NSA_补充开源实验数据_500_SMILES_标签补全.xlsx,Sheet1,200,CC1(C)[C@@H](O)CC[C@@]2(C)[C@H]1CC[C@]3(C)[C@@H]2C(=O)C=C4[C@@H]5C[C@](C)(CC[C@]5(C)CC[C@@]34C)C(O)=O,CC1(CCC23C1C4C(CCC2(O3)C)C(=C)C(=O)O4)O,0,1.0,1.0,40.0,7.0,25.0,1.0
train,NSA0200,NSA_补充开源实验数据_500_SMILES_标签补全.xlsx,Sheet1,201,CC1(C)[C@@H](O)CC[C@@]2(C)[C@H]1CC[C@]3(C)[C@@H]2C(=O)C=C4[C@@H]5C[C@](C)(CC[C@]5(C)CC[C@@]34C)C(O)=O,CC1(CCC23C1C4C(CCC2(O3)C)C(=C)C(=O)O4)O,0,1.0,0.5,30.0,7.0,25.0,1.0
train,NSA0201,NSA_补充开源实验数据_500_SMILES_标签补全.xlsx,Sheet1,202,CC1(C)[C@@H](O)CC[C@@]2(C)[C@H]1CC[C@]3(C)[C@@H]2C(=O)C=C4[C@@H]5C[C@](C)(CC[C@]5(C)CC[C@@]34C)C(O)=O,C[C@@]12C[C@@]3(O)O[C@@H](O1)[C@]5(COC(=O)c4ccccc4)[C@H]3C[C@]25O[C@@H]6O[C@H](CO)[C@@H](O)[C@H](O)[C@H]6O,0,1.0,1.0,40.0,7.0,25.0,1.0
train,NSA0202,NSA_补充开源实验数据_500_SMILES_标签补全.xlsx,Sheet1,203,CC1(C)[C@@H](O)CC[C@@]2(C)[C@H]1CC[C@]3(C)[C@@H]2C(=O)C=C4[C@@H]5C[C@](C)(CC[C@]5(C)CC[C@@]34C)C(O)=O,C[C@@]12C[C@@]3(O)O[C@@H](O1)[C@]5(COC(=O)c4ccccc4)[C@H]3C[C@]25O[C@@H]6O[C@H](CO)[C@@H](O)[C@H](O)[C@H]6O,0,1.0,2.0,60.0,7.0,25.0,1.0
train,NSA0203,NSA_补充开源实验数据_500_SMILES_标签补全.xlsx,Sheet1,204,CC1(C)[C@@H](O)CC[C@@]2(C)[C@H]1CC[C@]3(C)[C@@H]2C(=O)C=C4[C@@H]5C[C@](C)(CC[C@]5(C)CC[C@@]34C)C(O)=O,Cc1coc2c3ccc4c(CCCC4(C)C)c3C(=O)C(=O)c12,0,1.0,1.0,40.0,7.0,25.0,1.0
train,NSA0204,NSA_补充开源实验数据_500_SMILES_标签补全.xlsx,Sheet1,205,CC1(C)[C@@H](O)CC[C@@]2(C)[C@H]1CC[C@]3(C)[C@@H]2C(=O)C=C4[C@@H]5C[C@](C)(CC[C@]5(C)CC[C@@]34C)C(O)=O,Cc1coc2c3ccc4c(CCCC4(C)C)c3C(=O)C(=O)c12,0,1.0,0.5,30.0,7.0,25.0,1.0
train,NSA0205,NSA_补充开源实验数据_500_SMILES_标签补全.xlsx,Sheet1,206,CC1(C)[C@@H](O)CC[C@@]2(C)[C@H]1CC[C@]3(C)[C@@H]2C(=O)C=C4[C@@H]5C[C@](C)(CC[C@]5(C)CC[C@@]34C)C(O)=O,OCC1OC(Oc2cc(O)c3c(c2)OC(CC3=O)c2ccc(cc2)O)C(C(C1O)O)OC1OC(C)C(C(C1O)O)O,0,1.0,2.0,60.0,7.0,25.0,1.0
train,NSA0206,NSA_补充开源实验数据_500_SMILES_标签补全.xlsx,Sheet1,207,CC1(C)[C@@H](O)CC[C@@]2(C)[C@H]1CC[C@]3(C)[C@@H]2C(=O)C=C4[C@@H]5C[C@](C)(CC[C@]5(C)CC[C@@]34C)C(O)=O,OC[C@H]1O[C@H]([C@H](O)[C@@H](O)[C@@H]1O)c2c(O)ccc3C(=O)C(=COc23)c4ccc(O)cc4,0,1.0,1.0,40.0,7.0,25.0,1.0
train,NSA0207,NSA_补充开源实验数据_500_SMILES_标签补全.xlsx,Sheet1,208,CC1(C)[C@@H](O)CC[C@@]2(C)[C@H]1CC[C@]3(C)[C@@H]2C(=O)C=C4[C@@H]5C[C@](C)(CC[C@]5(C)CC[C@@]34C)C(O)=O,OC[C@H]1O[C@H]([C@H](O)[C@@H](O)[C@@H]1O)c2c(O)ccc3C(=O)C(=COc23)c4ccc(O)cc4,0,1.0,2.0,60.0,7.0,25.0,1.0
train,NSA0208,NSA_补充开源实验数据_500_SMILES_标签补全.xlsx,Sheet1,209,CC1(C)[C@@H](O)CC[C@@]2(C)[C@H]1CC[C@]3(C)[C@@H]2C(=O)C=C4[C@@H]5C[C@](C)(CC[C@]5(C)CC[C@@]34C)C(O)=O,OC(=O)c1cc(O)c(O)c(O)c1,0,1.0,1.0,40.0,7.0,25.0,1.0
train,NSA0209,NSA_补充开源实验数据_500_SMILES_标签补全.xlsx,Sheet1,210,CC1(C)[C@@H](O)CC[C@@]2(C)[C@H]1CC[C@]3(C)[C@@H]2C(=O)C=C4[C@@H]5C[C@](C)(CC[C@]5(C)CC[C@@]34C)C(O)=O,OC(=O)c1cc(O)c(O)c(O)c1,0,1.0,2.0,60.0,7.0,25.0,1.0
train,NSA0210,NSA_补充开源实验数据_500_SMILES_标签补全.xlsx,Sheet1,211,CC1(C)[C@@H](O)CC[C@@]2(C)[C@H]1CC[C@]3(C)[C@@H]2C(=O)C=C4[C@@H]5C[C@](C)(CC[C@]5(C)CC[C@@]34C)C(O)=O,COc1cc(\C=C\C(O)=C\C(=O)/C=C/c2ccc(O)c(OC)c2)ccc1O,0,1.0,1.0,40.0,7.0,25.0,1.0
train,NSA0211,NSA_补充开源实验数据_500_SMILES_标签补全.xlsx,Sheet1,212,CC1(C)[C@@H](O)CC[C@@]2(C)[C@H]1CC[C@]3(C)[C@@H]2C(=O)C=C4[C@@H]5C[C@](C)(CC[C@]5(C)CC[C@@]34C)C(O)=O,COc1cc(\C=C\C(O)=C\C(=O)/C=C/c2ccc(O)c(OC)c2)ccc1O,0,1.0,2.0,60.0,7.0,25.0,1.0
train,NSA0214,NSA_补充开源实验数据_500_SMILES_标签补全.xlsx,Sheet1,215,COC1=C(C=CC(=C1)[C@@H]2[C@H](OC3=C(O2)C=C(C=C3)[C@@H]4[C@H](C(=O)C5=C(C=C(C=C5O4)O)O)O)CO)O,O[C@@H]1[C@@H](O)[C@@H](O[C@@H]([C@H]1O)C(O)=O)Oc2cc3OC(=CC(=O)c3c(O)c2O)c4ccccc4,1,1.0,1.0,10.0,7.0,25.0,1.0
train,NSA0215,NSA_补充开源实验数据_500_SMILES_标签补全.xlsx,Sheet1,216,COC1=C(C=CC(=C1)[C@@H]2[C@H](OC3=C(O2)C=C(C=C3)[C@@H]4[C@H](C(=O)C5=C(C=C(C=C5O4)O)O)O)CO)O,O[C@@H]1[C@@H](O)[C@@H](O[C@@H]([C@H]1O)C(O)=O)Oc2cc3OC(=CC(=O)c3c(O)c2O)c4ccccc4,1,1.0,0.5,7.5,7.0,25.0,1.0
train,NSA0216,NSA_补充开源实验数据_500_SMILES_标签补全.xlsx,Sheet1,217,COC1=C(C=CC(=C1)[C@@H]2[C@H](OC3=C(O2)C=C(C=C3)[C@@H]4[C@H](C(=O)C5=C(C=C(C=C5O4)O)O)O)CO)O,Oc1cc(O)c2C(=O)C(=C(Oc2c1)c3ccc(O)c(O)c3)O,0,1.0,1.0,10.0,7.0,25.0,1.0
train,NSA0219,NSA_补充开源实验数据_500_SMILES_标签补全.xlsx,Sheet1,220,COC1=C(C=CC(=C1)[C@@H]2[C@H](OC3=C(O2)C=C(C=C3)[C@@H]4[C@H](C(=O)C5=C(C=C(C=C5O4)O)O)O)CO)O,Oc1ccc(cc1)C2=C(O)C(=O)c3c(O)cc(O)cc3O2,0,1.0,1.0,10.0,7.0,25.0,1.0
train,NSA0222,NSA_补充开源实验数据_500_SMILES_标签补全.xlsx,Sheet1,223,COC1=C(C=CC(=C1)[C@@H]2[C@H](OC3=C(O2)C=C(C=C3)[C@@H]4[C@H](C(=O)C5=C(C=C(C=C5O4)O)O)O)CO)O,O[C@@H]1C[C@](O)(C[C@@H](OC(=O)\C=C\c2ccc(O)c(O)c2)[C@@H]1O)C(O)=O,1,1.0,1.0,10.0,7.0,25.0,1.0
train,NSA0223,NSA_补充开源实验数据_500_SMILES_标签补全.xlsx,Sheet1,224,COC1=C(C=CC(=C1)[C@@H]2[C@H](OC3=C(O2)C=C(C=C3)[C@@H]4[C@H](C(=O)C5=C(C=C(C=C5O4)O)O)O)CO)O,O[C@@H]1C[C@](O)(C[C@@H](OC(=O)\C=C\c2ccc(O)c(O)c2)[C@@H]1O)C(O)=O,0,1.0,2.0,15.0,7.0,25.0,1.0
train,NSA0224,NSA_补充开源实验数据_500_SMILES_标签补全.xlsx,Sheet1,225,COC1=C(C=CC(=C1)[C@@H]2[C@H](OC3=C(O2)C=C(C=C3)[C@@H]4[C@H](C(=O)C5=C(C=C(C=C5O4)O)O)O)CO)O,COc1cc(C=CC(=O)O)ccc1O,0,1.0,1.0,10.0,7.0,25.0,1.0
train,NSA0225,NSA_补充开源实验数据_500_SMILES_标签补全.xlsx,Sheet1,226,COC1=C(C=CC(=C1)[C@@H]2[C@H](OC3=C(O2)C=C(C=C3)[C@@H]4[C@H](C(=O)C5=C(C=C(C=C5O4)O)O)O)CO)O,COc1cc(C=CC(=O)O)ccc1O,0,1.0,2.0,15.0,7.0,25.0,1.0
train,NSA0226,NSA_补充开源实验数据_500_SMILES_标签补全.xlsx,Sheet1,227,COC1=C(C=CC(=C1)[C@@H]2[C@H](OC3=C(O2)C=C(C=C3)[C@@H]4[C@H](C(=O)C5=C(C=C(C=C5O4)O)O)O)CO)O,OC(=O)\C=C\c1ccc(O)c(O)c1,1,1.0,1.0,10.0,7.0,25.0,1.0
train,NSA0227,NSA_补充开源实验数据_500_SMILES_标签补全.xlsx,Sheet1,228,COC1=C(C=CC(=C1)[C@@H]2[C@H](OC3=C(O2)C=C(C=C3)[C@@H]4[C@H](C(=O)C5=C(C=C(C=C5O4)O)O)O)CO)O,OC(=O)\C=C\c1ccc(O)c(O)c1,1,1.0,2.0,15.0,7.0,25.0,1.0
train,NSA0228,NSA_补充开源实验数据_500_SMILES_标签补全.xlsx,Sheet1,229,COC1=C(C=CC(=C1)[C@@H]2[C@H](OC3=C(O2)C=C(C=C3)[C@@H]4[C@H](C(=O)C5=C(C=C(C=C5O4)O)O)O)CO)O,OC(=O)[C@@H](Cc1ccc(O)c(O)c1)OC(=O)/C=C/c2ccc(O)c(O)c2,0,1.0,1.0,10.0,7.0,25.0,1.0
train,NSA0229,NSA_补充开源实验数据_500_SMILES_标签补全.xlsx,Sheet1,230,COC1=C(C=CC(=C1)[C@@H]2[C@H](OC3=C(O2)C=C(C=C3)[C@@H]4[C@H](C(=O)C5=C(C=C(C=C5O4)O)O)O)CO)O,OC(=O)[C@@H](Cc1ccc(O)c(O)c1)OC(=O)/C=C/c2ccc(O)c(O)c2,1,1.0,2.0,15.0,7.0,25.0,1.0
train,NSA0230,NSA_补充开源实验数据_500_SMILES_标签补全.xlsx,Sheet1,231,COC1=C(C=CC(=C1)[C@@H]2[C@H](OC3=C(O2)C=C(C=C3)[C@@H]4[C@H](C(=O)C5=C(C=C(C=C5O4)O)O)O)CO)O,OC(=O)c1cc(O)c(O)c(O)c1,0,1.0,2.0,15.0,7.0,25.0,1.0
train,NSA0231,NSA_补充开源实验数据_500_SMILES_标签补全.xlsx,Sheet1,232,COC1=C(C=CC(=C1)[C@@H]2[C@H](OC3=C(O2)C=C(C=C3)[C@@H]4[C@H](C(=O)C5=C(C=C(C=C5O4)O)O)O)CO)O,CC1(C)CC[C@@]2(CC[C@]3(C)C(=CC[C@@H]4[C@@]5(C)CC[C@H](O)C(C)(C)[C@@H]5CC[C@@]34C)[C@@H]2C1)C(O)=O,0,1.0,0.3333333432674408,6.666666507720947,7.0,25.0,1.0
train,NSA0232,NSA_补充开源实验数据_500_SMILES_标签补全.xlsx,Sheet1,233,COC1=C(C=CC(=C1)[C@@H]2[C@H](OC3=C(O2)C=C(C=C3)[C@@H]4[C@H](C(=O)C5=C(C=C(C=C5O4)O)O)O)CO)O,CC1(C)CC[C@@]2(CC[C@]3(C)C(=CC[C@@H]4[C@@]5(C)CC[C@H](O)C(C)(C)[C@@H]5CC[C@@]34C)[C@@H]2C1)C(O)=O,1,1.0,0.5,7.5,7.0,25.0,1.0
train,NSA0233,NSA_补充开源实验数据_500_SMILES_标签补全.xlsx,Sheet1,234,COC1=C(C=CC(=C1)[C@@H]2[C@H](OC3=C(O2)C=C(C=C3)[C@@H]4[C@H](C(=O)C5=C(C=C(C=C5O4)O)O)O)CO)O,O[C@@H]([C@]1([H])[C@H](C(O)=O)CCC(C(C)C)=C)C[C@@]([C@]1(C)CC2)(C)C3=C2[C@]4(C)[C@](CC3)([H])C(C)(C)[C@@H](OC(C)=O)CC4,1,1.0,0.3333333432674408,6.666666507720947,7.0,25.0,1.0
train,NSA0234,NSA_补充开源实验数据_500_SMILES_标签补全.xlsx,Sheet1,235,COC1=C(C=CC(=C1)[C@@H]2[C@H](OC3=C(O2)C=C(C=C3)[C@@H]4[C@H](C(=O)C5=C(C=C(C=C5O4)O)O)O)CO)O,O[C@@H]([C@]1([H])[C@H](C(O)=O)CCC(C(C)C)=C)C[C@@]([C@]1(C)CC2)(C)C3=C2[C@]4(C)[C@](CC3)([H])C(C)(C)[C@@H](OC(C)=O)CC4,0,1.0,0.5,7.5,7.0,25.0,1.0
train,NSA0235,NSA_补充开源实验数据_500_SMILES_标签补全.xlsx,Sheet1,236,COC1=C(C=CC(=C1)[C@@H]2[C@H](OC3=C(O2)C=C(C=C3)[C@@H]4[C@H](C(=O)C5=C(C=C(C=C5O4)O)O)O)CO)O,CC1(C)[C@@H](O)CC[C@@]2(C)[C@H]1CC[C@]3(C)[C@@H]2C(=O)C=C4[C@@H]5C[C@](C)(CC[C@]5(C)CC[C@@]34C)C(O)=O,0,1.0,0.5,7.5,7.0,25.0,1.0
train,NSA0236,NSA_补充开源实验数据_500_SMILES_标签补全.xlsx,Sheet1,237,COC1=C(C=CC(=C1)[C@@H]2[C@H](OC3=C(O2)C=C(C=C3)[C@@H]4[C@H](C(=O)C5=C(C=C(C=C5O4)O)O)O)CO)O,Cc1cc(O)c2C(=O)c3c(O)cc(O)cc3C(=O)c2c1,0,1.0,0.5,7.5,7.0,25.0,1.0
train,NSA0237,NSA_补充开源实验数据_500_SMILES_标签补全.xlsx,Sheet1,238,COC1=C(C=CC(=C1)[C@@H]2[C@H](OC3=C(O2)C=C(C=C3)[C@@H]4[C@H](C(=O)C5=C(C=C(C=C5O4)O)O)O)CO)O,Cc1cc(O)c2C(=O)c3c(O)cc(O)cc3C(=O)c2c1,0,1.0,1.0,10.0,7.0,25.0,1.0
train,NSA0238,NSA_补充开源实验数据_500_SMILES_标签补全.xlsx,Sheet1,239,COC1=C(C=CC(=C1)[C@@H]2[C@H](OC3=C(O2)C=C(C=C3)[C@@H]4[C@H](C(=O)C5=C(C=C(C=C5O4)O)O)O)CO)O,C=CCC1=CC(=C(C=C1)O)C2=C(C=CC(=C2)CC=C)O,1,1.0,1.0,10.0,7.0,25.0,1.0
train,NSA0239,NSA_补充开源实验数据_500_SMILES_标签补全.xlsx,Sheet1,240,COC1=C(C=CC(=C1)[C@@H]2[C@H](OC3=C(O2)C=C(C=C3)[C@@H]4[C@H](C(=O)C5=C(C=C(C=C5O4)O)O)O)CO)O,C=CCC1=CC(=C(C=C1)O)C2=C(C=CC(=C2)CC=C)O,1,1.0,2.0,15.0,7.0,25.0,1.0
train,NSA0240,NSA_补充开源实验数据_500_SMILES_标签补全.xlsx,Sheet1,241,COC1=C(C=CC(=C1)[C@@H]2[C@H](OC3=C(O2)C=C(C=C3)[C@@H]4[C@H](C(=O)C5=C(C=C(C=C5O4)O)O)O)CO)O,Oc1ccc(cc1CC=C)-c2cc(CC=C)ccc2O,1,1.0,1.0,10.0,7.0,25.0,1.0
train,NSA0241,NSA_补充开源实验数据_500_SMILES_标签补全.xlsx,Sheet1,242,COC1=C(C=CC(=C1)[C@@H]2[C@H](OC3=C(O2)C=C(C=C3)[C@@H]4[C@H](C(=O)C5=C(C=C(C=C5O4)O)O)O)CO)O,Oc1ccc(cc1CC=C)-c2cc(CC=C)ccc2O,1,1.0,2.0,15.0,7.0,25.0,1.0
train,NSA0242,NSA_补充开源实验数据_500_SMILES_标签补全.xlsx,Sheet1,243,COC1=C(C=CC(=C1)[C@@H]2[C@H](OC3=C(O2)C=C(C=C3)[C@@H]4[C@H](C(=O)C5=C(C=C(C=C5O4)O)O)O)CO)O,Oc1ccc(cc1)/C=C/c2cc(O)cc(O)c2,0,1.0,1.0,10.0,7.0,25.0,1.0
train,NSA0243,NSA_补充开源实验数据_500_SMILES_标签补全.xlsx,Sheet1,244,COC1=C(C=CC(=C1)[C@@H]2[C@H](OC3=C(O2)C=C(C=C3)[C@@H]4[C@H](C(=O)C5=C(C=C(C=C5O4)O)O)O)CO)O,Oc1ccc(cc1)/C=C/c2cc(O)cc(O)c2,0,1.0,0.5,7.5,7.0,25.0,1.0
train,NSA0244,NSA_补充开源实验数据_500_SMILES_标签补全.xlsx,Sheet1,245,COC1=C(C=CC(=C1)[C@@H]2[C@H](OC3=C(O2)C=C(C=C3)[C@@H]4[C@H](C(=O)C5=C(C=C(C=C5O4)O)O)O)CO)O,OC(=O)CC(O)(CC(O)=O)C(O)=O,0,1.0,1.0,10.0,7.0,25.0,1.0
train,NSA0245,NSA_补充开源实验数据_500_SMILES_标签补全.xlsx,Sheet1,246,COC1=C(C=CC(=C1)[C@@H]2[C@H](OC3=C(O2)C=C(C=C3)[C@@H]4[C@H](C(=O)C5=C(C=C(C=C5O4)O)O)O)CO)O,OC(=O)CC(O)(CC(O)=O)C(O)=O,0,1.0,2.0,15.0,7.0,25.0,1.0
train,NSA0246,NSA_补充开源实验数据_500_SMILES_标签补全.xlsx,Sheet1,247,COC1=C(C=CC(=C1)[C@@H]2[C@H](OC3=C(O2)C=C(C=C3)[C@@H]4[C@H](C(=O)C5=C(C=C(C=C5O4)O)O)O)CO)O,OC(=O)\C=C\C1=CC=C(Cl)C=C1,0,1.0,1.0,10.0,7.0,25.0,1.0
train,NSA0247,NSA_补充开源实验数据_500_SMILES_标签补全.xlsx,Sheet1,248,COC1=C(C=CC(=C1)[C@@H]2[C@H](OC3=C(O2)C=C(C=C3)[C@@H]4[C@H](C(=O)C5=C(C=C(C=C5O4)O)O)O)CO)O,[O-][N@+]12CCC[C@H]3CN4[C@H](CCCC4=O)[C@@H](CCC1)[C@@H]23,0,1.0,0.5,7.5,7.0,25.0,1.0
train,NSA0248,NSA_补充开源实验数据_500_SMILES_标签补全.xlsx,Sheet1,249,COC1=C(C=CC(=C1)[C@@H]2[C@H](OC3=C(O2)C=C(C=C3)[C@@H]4[C@H](C(=O)C5=C(C=C(C=C5O4)O)O)O)CO)O,[O-][N@+]12CCC[C@H]3CN4[C@H](CCCC4=O)[C@@H](CCC1)[C@@H]23,0,1.0,1.0,10.0,7.0,25.0,1.0
train,NSA0250,NSA_补充开源实验数据_500_SMILES_标签补全.xlsx,Sheet1,251,COC1=C(C=CC(=C1)[C@@H]2[C@H](OC3=C(O2)C=C(C=C3)[C@@H]4[C@H](C(=O)C5=C(C=C(C=C5O4)O)O)O)CO)O,O=C1OCC2=C1CC[C@]3(C)[C@]4(O5)[C@@H]5[C@H]6[C@@](O6)(C(C)C)[C@@H](O)[C@]4(O7)[C@@H]7C[C@]32[H],0,1.0,1.0,10.0,7.0,25.0,1.0
train,NSA0251,NSA_补充开源实验数据_500_SMILES_标签补全.xlsx,Sheet1,252,OC[C@H]1O[C@H]([C@H](O)[C@@H](O)[C@@H]1O)c2c(O)ccc3C(=O)C(=COc23)c4ccc(O)cc4,O[C@@H]1[C@@H](O)[C@@H](O[C@@H]([C@H]1O)C(O)=O)Oc2cc3OC(=CC(=O)c3c(O)c2O)c4ccccc4,0,1.0,1.0,40.0,7.0,25.0,1.0
train,NSA0252,NSA_补充开源实验数据_500_SMILES_标签补全.xlsx,Sheet1,253,OC[C@H]1O[C@H]([C@H](O)[C@@H](O)[C@@H]1O)c2c(O)ccc3C(=O)C(=COc23)c4ccc(O)cc4,O[C@@H]1[C@@H](O)[C@@H](O[C@@H]([C@H]1O)C(O)=O)Oc2cc3OC(=CC(=O)c3c(O)c2O)c4ccccc4,0,1.0,0.5,30.0,7.0,25.0,1.0
train,NSA0253,NSA_补充开源实验数据_500_SMILES_标签补全.xlsx,Sheet1,254,OC[C@H]1O[C@H]([C@H](O)[C@@H](O)[C@@H]1O)c2c(O)ccc3C(=O)C(=COc23)c4ccc(O)cc4,O[C@@H]1[C@@H](O)[C@@H](O[C@@H]([C@H]1O)C(O)=O)Oc2cc3OC(=CC(=O)c3c(O)c2O)c4ccc(O)cc4,0,1.0,1.0,40.0,7.0,25.0,1.0
train,NSA0254,NSA_补充开源实验数据_500_SMILES_标签补全.xlsx,Sheet1,255,OC[C@H]1O[C@H]([C@H](O)[C@@H](O)[C@@H]1O)c2c(O)ccc3C(=O)C(=COc23)c4ccc(O)cc4,O[C@@H]1[C@@H](O)[C@@H](O[C@@H]([C@H]1O)C(O)=O)Oc2cc3OC(=CC(=O)c3c(O)c2O)c4ccc(O)cc4,1,1.0,0.5,30.0,7.0,25.0,1.0
train,NSA0255,NSA_补充开源实验数据_500_SMILES_标签补全.xlsx,Sheet1,256,OC[C@H]1O[C@H]([C@H](O)[C@@H](O)[C@@H]1O)c2c(O)ccc3C(=O)C(=COc23)c4ccc(O)cc4,[Cl-].COc1ccc2cc3c4cc5OCOc5cc4CC[n+]3cc2c1OC,0,1.0,1.0,40.0,7.0,25.0,1.0
train,NSA0256,NSA_补充开源实验数据_500_SMILES_标签补全.xlsx,Sheet1,257,OC[C@H]1O[C@H]([C@H](O)[C@@H](O)[C@@H]1O)c2c(O)ccc3C(=O)C(=COc23)c4ccc(O)cc4,[Cl-].COc1ccc2cc3c4cc5OCOc5cc4CC[n+]3cc2c1OC,0,1.0,0.5,30.0,7.0,25.0,1.0
train,NSA0257,NSA_补充开源实验数据_500_SMILES_标签补全.xlsx,Sheet1,258,OC[C@H]1O[C@H]([C@H](O)[C@@H](O)[C@@H]1O)c2c(O)ccc3C(=O)C(=COc23)c4ccc(O)cc4,Oc1cc(O)c2C(=O)C(=C(Oc2c1)c3ccc(O)c(O)c3)O,0,1.0,1.0,40.0,7.0,25.0,1.0
train,NSA0258,NSA_补充开源实验数据_500_SMILES_标签补全.xlsx,Sheet1,259,OC[C@H]1O[C@H]([C@H](O)[C@@H](O)[C@@H]1O)c2c(O)ccc3C(=O)C(=COc23)c4ccc(O)cc4,Oc1cc(O)c2C(=O)C(=C(Oc2c1)c3ccc(O)c(O)c3)O,1,1.0,2.0,60.0,7.0,25.0,1.0
train,NSA0259,NSA_补充开源实验数据_500_SMILES_标签补全.xlsx,Sheet1,260,OC[C@H]1O[C@H]([C@H](O)[C@@H](O)[C@@H]1O)c2c(O)ccc3C(=O)C(=COc23)c4ccc(O)cc4,Oc1ccc(cc1)C2=C(O)C(=O)c3c(O)cc(O)cc3O2,0,1.0,1.0,40.0,7.0,25.0,1.0
train,NSA0260,NSA_补充开源实验数据_500_SMILES_标签补全.xlsx,Sheet1,261,OC[C@H]1O[C@H]([C@H](O)[C@@H](O)[C@@H]1O)c2c(O)ccc3C(=O)C(=COc23)c4ccc(O)cc4,Oc1ccc(cc1)C2=C(O)C(=O)c3c(O)cc(O)cc3O2,0,1.0,2.0,60.0,7.0,25.0,1.0
train,NSA0261,NSA_补充开源实验数据_500_SMILES_标签补全.xlsx,Sheet1,262,[Cl-].COc1ccc2cc3c4cc5OCOc5cc4CC[n+]3cc2c1OC,C=CCC1=CC(=C(C=C1)O)C2=C(C=CC(=C2)CC=C)O,1,1.0,1.0,20.0,7.0,25.0,1.0
train,NSA0263,NSA_补充开源实验数据_500_SMILES_标签补全.xlsx,Sheet1,264,C1=CC(=C(C=C1C[C@H](C(=O)O)OC(=O)/C=C/C2=C3[C@@H]([C@H](OC3=C(C=C2)O)C4=CC(=C(C=C4)O)O)C(=O)O[C@H](CC5=CC(=C(C=C5)O)O)C(=O)O)O)O,CC(C)C1=C(C(=C(N1CC[C@H](C[C@H](CC(=O)O)O)O)C2=CC=C(C=C2)F)C3=CC=CC=C3)C(=O)NC4=CC=CC=C4,1,1.0,0.0625,20.0,7.0,25.0,1.0
train,NSA0264,NSA_补充开源实验数据_500_SMILES_标签补全.xlsx,Sheet1,265,COc1cc(\C=C\C(O)=C\C(=O)/C=C/c2ccc(O)c(OC)c2)ccc1O,CC1(C)[C@@H](O)CC[C@@]2(C)[C@H]1CC[C@]3(C)[C@@H]2C(=O)C=C4[C@@H]5C[C@](C)(CC[C@]5(C)CC[C@@]34C)C(O)=O,1,1.0,0.4761904776096344,20.0,7.0,25.0,1.0
train,NSA0266,NSA_补充开源实验数据_500_SMILES_标签补全.xlsx,Sheet1,267,Oc1cc2OC(=CC(=O)c2c(O)c1O)c3ccccc3,Oc1ccc(cc1)/C=C/c2cc(O)cc(O)c2,1,1.0,1.0,20.0,7.0,25.0,1.0
train,NSA0267,NSA_补充开源实验数据_500_SMILES_标签补全.xlsx,Sheet1,268,C[C@@H]1CC[C@@]2(CC[C@]3(C)C(=CC[C@@H]4[C@@]5(C)CC[C@H](O)C(C)(C)[C@@H]5CC[C@@]34C)[C@@H]2[C@H]1C)C(O)=O,CC1(C)[C@@H](O)CC[C@@]2(C)[C@H]1CC[C@]3(C)[C@@H]2C(=O)C=C4[C@@H]5C[C@](C)(CC[C@]5(C)CC[C@@]34C)C(O)=O,1,1.0,1.0,20.0,7.0,25.0,1.0
train,NSA0268,NSA_补充开源实验数据_500_SMILES_标签补全.xlsx,Sheet1,269,CC[C@@]1(C2=C(COC1=O)C(=O)N3CC4=C(C3=C2)N=C5C=CC(=CC5=C4)O)O,CCc1c(C)c2[nH]c1cc3nc(c(CC(O)=O)c4nc(cc5[nH]c(c2)c(C=C)c5C)C(C)C4CCC(O)=O)c(C(O)=O)c3C,1,1.0,0.25,20.0,7.400000095367432,25.0,9.5
train,NSA0269,NSA_补充开源实验数据_500_SMILES_标签补全.xlsx,Sheet1,270,CC[C@@]1(C2=C(COC1=O)C(=O)N3CC4=C(C3=C2)N=C5C=CC(=CC5=C4)O)O,CCc1c(C)c2[nH]c1cc3nc(c(CC(O)=O)c4nc(cc5[nH]c(c2)c(C=C)c5C)C(C)C4CCC(O)=O)c(C(O)=O)c3C,1,1.0,0.3333333432674408,20.0,7.400000095367432,25.0,9.5
train,NSA0270,NSA_补充开源实验数据_500_SMILES_标签补全.xlsx,Sheet1,271,CC[C@@]1(C2=C(COC1=O)C(=O)N3CC4=C(C3=C2)N=C5C=CC(=CC5=C4)O)O,CCc1c(C)c2[nH]c1cc3nc(c(CC(O)=O)c4nc(cc5[nH]c(c2)c(C=C)c5C)C(C)C4CCC(O)=O)c(C(O)=O)c3C,1,1.0,0.5,20.0,7.400000095367432,25.0,9.5
train,NSA0271,NSA_补充开源实验数据_500_SMILES_标签补全.xlsx,Sheet1,272,CC[C@@]1(C2=C(COC1=O)C(=O)N3CC4=C(C3=C2)N=C5C=CC(=CC5=C4)O)O,CCc1c(C)c2[nH]c1cc3nc(c(CC(O)=O)c4nc(cc5[nH]c(c2)c(C=C)c5C)C(C)C4CCC(O)=O)c(C(O)=O)c3C,1,1.0,1.0,20.0,7.400000095367432,25.0,9.5
train,NSA0272,NSA_补充开源实验数据_500_SMILES_标签补全.xlsx,Sheet1,273,CC1(C(=[N+](C2=C1C3=CC=CC=C3C=C2)CCCCS(=O)(=O)[O-])/C=C/C=C/C=C/C=C\4/C(C5=C(N4CCCCS(=O)(=O)[O-])C=CC6=CC=CC=C65)(C)C)C.[Na+],CC(=O)O[C@H]1C(=O)[C@]2(C)[C@@H](O)C[C@H]3OC[C@@]3(OC(C)=O)C2[C@H](OC(=O)c4ccccc4)[C@]5(O)C[C@H](OC(=O)[C@H](O)[C@@H](NC(=O)c6ccccc6)c7ccccc7)C(=C1C5(C)C)C,1,1.0,5.0,0.5,7.400000095367432,25.0,60.0
train,NSA0273,NSA_补充开源实验数据_500_SMILES_标签补全.xlsx,Sheet1,274,CC1(C(=[N+](C2=C1C3=CC=CC=C3C=C2)CCCCS(=O)(=O)[O-])/C=C/C=C/C=C/C=C\4/C(C5=C(N4CCCCS(=O)(=O)[O-])C=CC6=CC=CC=C65)(C)C)C.[Na+],CC(=O)O[C@H]1C(=O)[C@]2(C)[C@@H](O)C[C@H]3OC[C@@]3(OC(C)=O)C2[C@H](OC(=O)c4ccccc4)[C@]5(O)C[C@H](OC(=O)[C@H](O)[C@@H](NC(=O)c6ccccc6)c7ccccc7)C(=C1C5(C)C)C,1,1.0,4.0,0.5,7.400000095367432,25.0,60.0
train,NSA0274,NSA_补充开源实验数据_500_SMILES_标签补全.xlsx,Sheet1,275,CC1(C(=[N+](C2=C1C3=CC=CC=C3C=C2)CCCCS(=O)(=O)[O-])/C=C/C=C/C=C/C=C\4/C(C5=C(N4CCCCS(=O)(=O)[O-])C=CC6=CC=CC=C65)(C)C)C.[Na+],CC(=O)O[C@H]1C(=O)[C@]2(C)[C@@H](O)C[C@H]3OC[C@@]3(OC(C)=O)C2[C@H](OC(=O)c4ccccc4)[C@]5(O)C[C@H](OC(=O)[C@H](O)[C@@H](NC(=O)c6ccccc6)c7ccccc7)C(=C1C5(C)C)C,1,1.0,3.0,0.5,7.400000095367432,25.0,60.0
train,NSA0275,NSA_补充开源实验数据_500_SMILES_标签补全.xlsx,Sheet1,276,CC1(C(=[N+](C2=C1C3=CC=CC=C3C=C2)CCCCS(=O)(=O)[O-])/C=C/C=C/C=C/C=C\4/C(C5=C(N4CCCCS(=O)(=O)[O-])C=CC6=CC=CC=C65)(C)C)C.[Na+],CC(=O)O[C@H]1C(=O)[C@]2(C)[C@@H](O)C[C@H]3OC[C@@]3(OC(C)=O)C2[C@H](OC(=O)c4ccccc4)[C@]5(O)C[C@H](OC(=O)[C@H](O)[C@@H](NC(=O)c6ccccc6)c7ccccc7)C(=C1C5(C)C)C,1,1.0,2.0,0.5,7.400000095367432,25.0,60.0
train,NSA0276,NSA_补充开源实验数据_500_SMILES_标签补全.xlsx,Sheet1,277,C[C@@H]1CC[C@@]2(CC[C@]3(C)C(=CC[C@@H]4[C@@]5(C)CC[C@H](O)C(C)(C)[C@@H]5CC[C@@]34C)[C@@H]2[C@H]1C)C(O)=O,CC(=O)O[C@H]1C(=O)[C@]2(C)[C@@H](O)C[C@H]3OC[C@@]3(OC(C)=O)C2[C@H](OC(=O)c4ccccc4)[C@]5(O)C[C@H](OC(=O)[C@H](O)[C@@H](NC(=O)c6ccccc6)c7ccccc7)C(=C1C5(C)C)C,1,1.0,1.0,20.0,7.400000095367432,25.0,185.0
train,NSA0277,NSA_补充开源实验数据_500_SMILES_标签补全.xlsx,Sheet1,278,C[C@@H]1CC[C@@]2(CC[C@]3(C)C(=CC[C@@H]4[C@@]5(C)CC[C@H](O)C(C)(C)[C@@H]5CC[C@@]34C)[C@@H]2[C@H]1C)C(O)=O,CC(=O)O[C@H]1C(=O)[C@]2(C)[C@@H](O)C[C@H]3OC[C@@]3(OC(C)=O)C2[C@H](OC(=O)c4ccccc4)[C@]5(O)C[C@H](OC(=O)[C@H](O)[C@@H](NC(=O)c6ccccc6)c7ccccc7)C(=C1C5(C)C)C,1,1.0,1.0,20.0,7.400000095367432,25.0,185.0
train,NSA0278,NSA_补充开源实验数据_500_SMILES_标签补全.xlsx,Sheet1,279,C[C@@H]1CC[C@@]2(CC[C@]3(C)C(=CC[C@@H]4[C@@]5(C)CC[C@H](O)C(C)(C)[C@@H]5CC[C@@]34C)[C@@H]2[C@H]1C)C(O)=O,CC(=O)O[C@H]1C(=O)[C@]2(C)[C@@H](O)C[C@H]3OC[C@@]3(OC(C)=O)C2[C@H](OC(=O)c4ccccc4)[C@]5(O)C[C@H](OC(=O)[C@H](O)[C@@H](NC(=O)c6ccccc6)c7ccccc7)C(=C1C5(C)C)C,1,1.0,5.0,20.0,7.400000095367432,25.0,185.0
train,NSA0279,NSA_补充开源实验数据_500_SMILES_标签补全.xlsx,Sheet1,280,CC1(C)CC[C@@]2(CC[C@]3(C)C(=CC[C@@H]4[C@@]5(C)CC[C@H](O)C(C)(C)[C@@H]5CC[C@@]34C)[C@@H]2C1)C(O)=O,CCc1c(C)c2[nH]c1cc3nc(c(CC(O)=O)c4nc(cc5[nH]c(c2)c(C=C)c5C)C(C)C4CCC(O)=O)c(C(O)=O)c3C,1,1.0,0.4000000059604645,20.0,7.0,25.0,1.0
train,NSA0280,NSA_补充开源实验数据_500_SMILES_标签补全.xlsx,Sheet1,281,CC1(C)CC[C@@]2(CC[C@]3(C)C(=CC[C@@H]4[C@@]5(C)CC[C@H](O)C(C)(C)[C@@H]5CC[C@@]34C)[C@@H]2C1)C(O)=O,CCc1c(C)c2[nH]c1cc3nc(c(CC(O)=O)c4nc(cc5[nH]c(c2)c(C=C)c5C)C(C)C4CCC(O)=O)c(C(O)=O)c3C,1,1.0,0.20000000298023224,20.0,7.0,25.0,1.0
train,NSA0281,NSA_补充开源实验数据_500_SMILES_标签补全.xlsx,Sheet1,282,CC[C@@]1(O)C(=O)OCC2=C1C=C3N(Cc4cc5ccccc5nc34)C2=O,C1=CC2=CC3=NC(=C(C4=C(C(=C(N4C5=C(C(=C(C(=C5F)F)F)F)F)C=C6C=CC(=N6)C=C1N2)C7=C(C(=C(C(=C7F)F)F)F)F)C8=C(C(=C(C(=C8F)F)F)F)F)C9=C(C(=C(C(=C9F)F)F)F)F)C=C3.[Cl-].[Cl-].[Fe+2],1,1.0,1.0,1.0,7.400000095367432,25.0,10.0
train,NSA0282,NSA_补充开源实验数据_500_SMILES_标签补全.xlsx,Sheet1,283,CC(C)=CCC[C@@]1(C)Oc2c(CC=C(C)C)c3O[C@@]45C6CC(C=C4C(=O)c3c(O)c2C=C1)C(=O)C5(C\C=C(\C)C(O)=O)OC6(C)C,CC1(C)[C@H](CC[C@@]2(C)[C@H]1CC[C@]3(C)[C@@H]2C(=O)C=C4[C@@H]5C[C@](C)(CC[C@]5(C)CC[C@@]34C)C(O)=O)O[C@H]6O[C@@H]([C@@H](O)[C@H](O)[C@H]6O[C@@H]7O[C@@H]([C@@H](O)[C@H](O)[C@H]7O)C(O)=O)C(O)=O,1,1.0,0.5,20.0,7.0,4.0,30.0
train,NSA0283,NSA_补充开源实验数据_500_SMILES_标签补全.xlsx,Sheet1,284,CN(C)C(=N)N=C(N)N,Oc1cc(O)c2C[C@@H](OC(=O)c3cc(O)c(O)c(O)c3)[C@H](Oc2c1)c4cc(O)c(O)c(O)c4,1,1.0,1.378676414489746,0.5590000152587891,7.0,25.0,480.0
train,NSA0284,NSA_补充开源实验数据_500_SMILES_标签补全.xlsx,Sheet1,285,COc1ccc2cc3c4cc5OCOc5cc4CC[n+]3cc2c1OC,CC1(C)CC[C@@]2(CC[C@]3(C)C(=CC[C@@H]4[C@@]5(C)CC[C@H](O)C(C)(C)[C@@H]5CC[C@@]34C)[C@@H]2C1)C(O)=O,1,1.0,1.0,1.0,7.5,60.0,30.0
train,NSA0285,NSA_补充开源实验数据_500_SMILES_标签补全.xlsx,Sheet1,286,COc1ccc2cc3c4cc5OCOc5cc4CC[n+]3cc2c1OC,CC1(C)CC[C@@]2(CC[C@]3(C)C(=CC[C@@H]4[C@@]5(C)CC[C@H](O)C(C)(C)[C@@H]5CC[C@@]34C)[C@@H]2C1)C(O)=O,1,1.0,1.0,20.0,7.5,60.0,30.0
train,NSA0286,NSA_补充开源实验数据_500_SMILES_标签补全.xlsx,Sheet1,287,CCCCCC(O)CC(=O)CCc1ccc(OC)c(O)c1,CC1(C)[C@H](CC[C@@]2(C)[C@H]1CC[C@]3(C)[C@@H]2C(=O)C=C4[C@@H]5C[C@](C)(CC[C@]5(C)CC[C@@]34C)C(O)=O)O[C@H]6O[C@@H]([C@@H](O)[C@H](O)[C@H]6O[C@@H]7O[C@@H]([C@@H](O)[C@H](O)[C@H]7O)C(O)=O)C(O)=O,1,1.0,5.5,20.0,7.400000095367432,65.0,30.0
train,NSA0287,NSA_补充开源实验数据_500_SMILES_标签补全.xlsx,Sheet1,288,NCCCC[C@H](N)C(=O)N[C@@H](CCCCN)C(=O)N[C@@H](CCCCN)C(O)=O,CC\1=C(CC(O)=O)c2cc(F)ccc2C1=C\c3ccc(cc3)[S](C)=O,1,1.0,0.5,20.0,7.400000095367432,37.0,1.0
train,NSA0288,NSA_补充开源实验数据_500_SMILES_标签补全.xlsx,Sheet1,289,Oc1cc(O)c2C(=O)C(=C(Oc2c1)c3ccc(O)c(O)c3)O,[Mg++].[Cl-].[Cl-],1,1.0,0.13333334028720856,20.0,7.0,50.0,120.0
train,NSA0289,NSA_补充开源实验数据_500_SMILES_标签补全.xlsx,Sheet1,290,Oc1cc(O)c2C(=O)C(=C(Oc2c1)c3ccc(O)c(O)c3)O,[Mg++].[Cl-].[Cl-],1,1.0,0.10000000149011612,20.0,7.0,50.0,120.0
train,NSA0290,NSA_补充开源实验数据_500_SMILES_标签补全.xlsx,Sheet1,291,OC[C@H]1O[C@H]([C@H](O)[C@@H](O)[C@@H]1O)c2c(O)cc3Oc4cc(O)c(O)cc4C(=O)c3c2O,CC(=O)O[C@H]1C(=O)[C@]2(C)[C@@H](O)C[C@H]3OC[C@@]3(OC(C)=O)C2[C@H](OC(=O)c4ccccc4)[C@]5(O)C[C@H](OC(=O)[C@H](O)[C@@H](NC(=O)c6ccccc6)c7ccccc7)C(=C1C5(C)C)C,1,1.0,0.10000000149011612,20.0,7.400000095367432,25.0,1.0
train,NSA0291,NSA_补充开源实验数据_500_SMILES_标签补全.xlsx,Sheet1,292,[Ca++].CC(C)c1nc(nc(c2ccc(F)cc2)c1\C=C\[C@@H](O)C[C@@H](O)CC([O-])=O)N(C)[S](C)(=O)=O.CC(C)c3nc(nc(c4ccc(F)cc4)c3/C=C/[C@@H](O)C[C@@H](O)CC([O-])=O)N(C)[S](C)(=O)=O,C[C@H](CCC(O)=O)[C@H]1CC[C@H]2[C@@H]3[C@@H](O)C[C@@H]4C[C@H](O)CC[C@]4(C)[C@H]3CC[C@]12C,1,1.0,2.0,20.0,7.0,25.0,10.0
train,NSA0292,NSA_补充开源实验数据_500_SMILES_标签补全.xlsx,Sheet1,293,COc1ccc2cc3c4cc5OCOc5cc4CC[n+]3cc2c1OC,[Y].[Y].[Y].[Y].[Y].[Y].[Y].[Y].[Y].[Y].[Y].[Y].[Y].[Y].[Y].[Y].[Y].[Y].[Y].[Y].[Y].[Y].[Y].[Y].[Y].[Y].[Y].[Y].[Y].[Y].[Y].[Y].[Y].[Y].[Y].[Y].[Y].[Y].[Y].[Y].[Y].[Y],1,1.0,4.0,20.0,7.0,25.0,2.0
train,NSA0293,NSA_补充开源实验数据_500_SMILES_标签补全.xlsx,Sheet1,294,COc1ccc2cc3c4cc5OCOc5cc4CC[n+]3cc2c1OC,[Y].[Y].[Y].[Y].[Y].[Y].[Y].[Y].[Y].[Y].[Y].[Y].[Y].[Y].[Y].[Y].[Y].[Y].[Y].[Y].[Y].[Y].[Y].[Y].[Y].[Y].[Y].[Y].[Y].[Y].[Y].[Y].[Y].[Y].[Y].[Y].[Y].[Y].[Y].[Y].[Y].[Y],1,1.0,4.0,20.0,7.0,25.0,2.0
train,NSA0294,NSA_补充开源实验数据_500_SMILES_标签补全.xlsx,Sheet1,295,COc1ccc2cc3c4cc5OCOc5cc4CC[n+]3cc2c1OC,[Y].[Y].[Y].[Y].[Y].[Y].[Y].[Y].[Y].[Y].[Y].[Y].[Y].[Y].[Y].[Y].[Y].[Y].[Y].[Y].[Y].[Y].[Y].[Y].[Y].[Y].[Y].[Y].[Y].[Y].[Y].[Y].[Y].[Y].[Y].[Y].[Y].[Y].[Y].[Y].[Y].[Y],1,1.0,4.0,20.0,7.0,25.0,2.0
train,NSA0295,NSA_补充开源实验数据_500_SMILES_标签补全.xlsx,Sheet1,296,COc1ccc2cc3c4cc5OCOc5cc4CC[n+]3cc2c1OC,[Y].[Y].[Y].[Y].[Y].[Y].[Y].[Y].[Y].[Y].[Y].[Y].[Y].[Y].[Y].[Y].[Y].[Y].[Y].[Y].[Y].[Y].[Y].[Y].[Y].[Y].[Y].[Y].[Y].[Y].[Y].[Y].[Y].[Y].[Y].[Y].[Y].[Y].[Y].[Y].[Y].[Y],1,1.0,4.0,20.0,7.0,25.0,2.0
train,NSA0297,NSA_补充开源实验数据_500_SMILES_标签补全.xlsx,Sheet1,298,COc1ccc2n(c(C)c(CC(O)=O)c2c1)C(=O)c3ccc(Cl)cc3,CC(=O)O[C@H]1C(=O)[C@]2(C)[C@@H](O)C[C@H]3OC[C@@]3(OC(C)=O)C2[C@H](OC(=O)c4ccccc4)[C@]5(O)C[C@H](OC(=O)[C@H](O)[C@@H](NC(=O)c6ccccc6)c7ccccc7)C(=C1C5(C)C)C,1,1.0,0.9255547523498535,1.2618999481201172,7.400000095367432,65.0,120.0
train,NSA0298,NSA_补充开源实验数据_500_SMILES_标签补全.xlsx,Sheet1,299,CC1(C)[C@H](CC[C@@]2(C)[C@H]1CC[C@]3(C)[C@@H]2C(=O)C=C4[C@@H]5C[C@](C)(CC[C@]5(C)CC[C@@]34C)C(O)=O)O[C@H]6O[C@@H]([C@@H](O)[C@H](O)[C@H]6O[C@@H]7O[C@@H]([C@@H](O)[C@H](O)[C@H]7O)C(O)=O)C(O)=O,COc1ccc2cc3c4cc5OCOc5cc4CC[n+]3cc2c1OC,1,1.0,0.1428571492433548,20.0,3.9000000953674316,37.0,720.0
train,NSA0299,NSA_补充开源实验数据_500_SMILES_标签补全.xlsx,Sheet1,300,O[C@@H]1[C@@H](O)[C@@H](O[C@@H]([C@H]1O)C(O)=O)Oc2cc3OC(=CC(=O)c3c(O)c2O)c4ccccc4,Oc1ccc(cc1)/C=C/c2cc(O)cc(O)c2,1,1.0,1.0,20.0,7.0,25.0,1.0
train,NSA0300,NSA_补充开源实验数据_500_SMILES_标签补全.xlsx,Sheet1,301,Oc1cc(O)c2C(=O)C(=C(Oc2c1)c3ccc(O)c(O)c3)O,OCCO,1,1.0,0.20000000298023224,20.0,7.400000095367432,25.0,5.0
train,NSA0301,NSA_补充开源实验数据_500_SMILES_标签补全.xlsx,Sheet1,302,CCc1c(C)c2[nH]c1cc3nc4c(CC(=O)c4c3C)c5nc(cc6[nH]c(c2)c(C=C)c6C)[C@@H](C)[C@@H]5CCC(O)=O,COc1cc(cc(OC)c1O)[C@H]2[C@@H]3[C@H](COC3=O)[C@H](O[C@@H]4O[C@@H]5CO[C@@H](C)O[C@H]5[C@H](O)[C@H]4O)c6cc7OCOc7cc26,1,1.0,0.5,20.0,7.400000095367432,37.0,1.0
train,NSA0302,NSA_补充开源实验数据_500_SMILES_标签补全.xlsx,Sheet1,303,Oc1cc(O)c2C(=O)C=C(Oc2c1)c3ccc(O)c(O)c3,CC1(C)[C@@H](O)CC[C@@]2(C)[C@H]1CC[C@]3(C)[C@@H]2C(=O)C=C4[C@@H]5C[C@](C)(CC[C@]5(C)CC[C@@]34C)C(O)=O,1,1.0,0.5,20.0,7.400000095367432,25.0,1.0
train,NSA0303,NSA_补充开源实验数据_500_SMILES_标签补全.xlsx,Sheet1,304,Oc1cc(O)c2C(=O)C=C(Oc2c1)c3ccc(O)c(O)c3,CC1(C)[C@@H](O)CC[C@@]2(C)[C@H]1CC[C@]3(C)[C@@H]2C(=O)C=C4[C@@H]5C[C@](C)(CC[C@]5(C)CC[C@@]34C)C(O)=O,1,1.0,1.0,20.0,7.400000095367432,25.0,1.0
train,NSA0304,NSA_补充开源实验数据_500_SMILES_标签补全.xlsx,Sheet1,305,Oc1cc(O)c2C(=O)C=C(Oc2c1)c3ccc(O)c(O)c3,CC1(C)[C@@H](O)CC[C@@]2(C)[C@H]1CC[C@]3(C)[C@@H]2C(=O)C=C4[C@@H]5C[C@](C)(CC[C@]5(C)CC[C@@]34C)C(O)=O,1,1.0,2.0,20.0,7.400000095367432,25.0,1.0
train,NSA0305,NSA_补充开源实验数据_500_SMILES_标签补全.xlsx,Sheet1,306,C[C@@H]1CC[C@H]2[C@@H](C)[C@H](O[C@@H]3OC4(C)CC[C@@H]1[C@@]23OO4)OC(=O)CCC(O)=O,NC1=NC(=O)N(C=C1)[C@@H]2O[C@H](CO)[C@@H](O)C2(F)F,1,1.0,1.0,20.0,7.400000095367432,25.0,1.0
train,NSA0306,NSA_补充开源实验数据_500_SMILES_标签补全.xlsx,Sheet1,307,[Cl-].COc1cccc2C(=O)c3c(O)c4C[C@](O)(C[C@H](OC5CC(N)C(O)C(C)O5)c4c(O)c3C(=O)c12)C(=O)CO.[H+],CC1(C(=[N+](C2=C1C3=CC=CC=C3C=C2)CCCCS(=O)(=O)[O-])/C=C/C=C/C=C/C=C\4/C(C5=C(N4CCCCS(=O)(=O)[O-])C=CC6=CC=CC=C65)(C)C)C.[Na+],1,1.0,2.0,0.06499999761581421,7.400000095367432,25.0,20.0
train,NSA0307,NSA_补充开源实验数据_500_SMILES_标签补全.xlsx,Sheet1,308,COc1ccc2cc3c4cc5OCOc5cc4CC[n+]3cc2c1OC,Oc1cc(O)c2C[C@@H](OC(=O)c3cc(O)c(O)c(O)c3)[C@H](Oc2c1)c4cc(O)c(O)c(O)c4,1,1.0,0.5,20.0,7.400000095367432,25.0,120.0
train,NSA0308,NSA_补充开源实验数据_500_SMILES_标签补全.xlsx,Sheet1,309,[Cl-].[Cl-].[Cu++],Oc1cc(O)c2C[C@@H](OC(=O)c3cc(O)c(O)c(O)c3)[C@H](Oc2c1)c4cc(O)c(O)c(O)c4,1,1.0,0.25,20.0,7.0,37.0,1440.0
train,NSA0309,NSA_补充开源实验数据_500_SMILES_标签补全.xlsx,Sheet1,310,CCc1c(C)c2[nH]c1cc3nc4c(CC(=O)c4c3C)c5nc(cc6[nH]c(c2)c(C=C)c6C)[C@@H](C)[C@@H]5CCC(O)=O,COc1cc(cc(OC)c1OC)[C@H]2[C@@H]3[C@H](COC3=O)[C@@H](O)c4cc5OCOc5cc24,1,1.0,2.0,20.0,7.400000095367432,25.0,20.0
train,NSA0310,NSA_补充开源实验数据_500_SMILES_标签补全.xlsx,Sheet1,311,CCc1c(C)c2[nH]c1cc3nc4c(CC(=O)c4c3C)c5nc(cc6[nH]c(c2)c(C=C)c6C)[C@@H](C)[C@@H]5CCC(O)=O,COc1cc(cc(OC)c1OC)[C@H]2[C@@H]3[C@H](COC3=O)[C@@H](O)c4cc5OCOc5cc24,1,1.0,0.5,20.0,7.400000095367432,25.0,20.0
train,NSA0311,NSA_补充开源实验数据_500_SMILES_标签补全.xlsx,Sheet1,312,CCc1c(C)c2[nH]c1cc3nc4c(CC(=O)c4c3C)c5nc(cc6[nH]c(c2)c(C=C)c6C)[C@@H](C)[C@@H]5CCC(O)=O,COc1cc(cc(OC)c1OC)[C@H]2[C@@H]3[C@H](COC3=O)[C@@H](O)c4cc5OCOc5cc24,1,1.0,0.20000000298023224,20.0,7.400000095367432,25.0,20.0
train,NSA0312,NSA_补充开源实验数据_500_SMILES_标签补全.xlsx,Sheet1,313,CC1(C(=[N+](C2=C1C3=CC=CC=C3C=C2)CCCCS(=O)(=O)[O-])/C=C/C=C/C=C/C=C\4/C(C5=C(N4CCCCS(=O)(=O)[O-])C=CC6=CC=CC=C65)(C)C)C.[Na+],CC1(C(=[N+](C2=C1C3=CC=CC=C3C=C2)CCCCS(=O)(=O)[O-])/C=C/C=C/C=C/C=C\4/C(C5=C(N4CCCCS(=O)(=O)[O-])C=CC6=CC=CC=C65)(C)C)C.[Na+],1,1.0,1.0,20.0,7.400000095367432,25.0,780.0
train,NSA0313,NSA_补充开源实验数据_500_SMILES_标签补全.xlsx,Sheet1,314,Oc1cc2OC(=CC(=O)c2c(O)c1O)c3ccccc3,CCc1c(C)c2[nH]c1cc3nc(c(CC(O)=O)c4nc(cc5[nH]c(c2)c(C=C)c5C)C(C)C4CCC(O)=O)c(C(O)=O)c3C,1,1.0,0.5,29.610000610351562,7.400000095367432,25.0,720.0
train,NSA0314,NSA_补充开源实验数据_500_SMILES_标签补全.xlsx,Sheet1,315,Oc1ccc(cc1)C2=COc3cc(O)cc(O)c3C2=O,CCc1c(C)c2[nH]c1cc3nc(c(CC(O)=O)c4nc(cc5[nH]c(c2)c(C=C)c5C)C(C)C4CCC(O)=O)c(C(O)=O)c3C,1,1.0,1.0,20.0,7.400000095367432,37.0,1.0
train,NSA0315,NSA_补充开源实验数据_500_SMILES_标签补全.xlsx,Sheet1,316,CC1(CC[C@@H]([C@]23[C@@H]1[C@@H]([C@]([C@]45[C@H]2CC[C@H]([C@H]4O)C(=C)C5=O)(OC3)O)O)O)C,COc1ccc2C[C@H]3N(C)CCc4cc(OC)c(Oc5c6OCOc6cc7CCN(C)[C@@H](Cc8ccc(Oc1c2)cc8)c57)cc34,1,1.0,1.0,20.0,7.400000095367432,25.0,3.0
train,NSA0316,NSA_补充开源实验数据_500_SMILES_标签补全.xlsx,Sheet1,317,NCCCC[C@H](N)C(=O)N[C@@H](CCCCN)C(=O)N[C@@H](CCCCN)C(O)=O,CC\1=C(CC(O)=O)c2cc(F)ccc2C1=C\c3ccc(cc3)[S](C)=O,0,1.0,2.0,20.0,7.400000095367432,37.0,1.0
train,NSA0317,NSA_补充开源实验数据_500_SMILES_标签补全.xlsx,Sheet1,318,COc1ccc2cc3c4cc5OCOc5cc4CC[n+]3cc2c1OC,CC1(C)[C@H](CC[C@@]2(C)[C@H]1CC[C@]3(C)[C@@H]2C(=O)C=C4[C@@H]5C[C@](C)(CC[C@]5(C)CC[C@@]34C)C(O)=O)O[C@H]6O[C@@H]([C@@H](O)[C@H](O)[C@H]6O[C@@H]7O[C@@H]([C@@H](O)[C@H](O)[C@H]7O)C(O)=O)C(O)=O,0,1.0,1.0,20.0,7.400000095367432,60.0,60.0
train,NSA0318,NSA_补充开源实验数据_500_SMILES_标签补全.xlsx,Sheet1,319,O=C1CCC[C@@H]2[C@H]3CCCN4CCC[C@@H](CN12)[C@@H]34,CC1(C)[C@H](CC[C@@]2(C)[C@H]1CC[C@]3(C)[C@@H]2C(=O)C=C4[C@@H]5C[C@](C)(CC[C@]5(C)CC[C@@]34C)C(O)=O)O[C@H]6O[C@@H]([C@@H](O)[C@H](O)[C@H]6O[C@@H]7O[C@@H]([C@@H](O)[C@H](O)[C@H]7O)C(O)=O)C(O)=O,0,1.0,2.0,20.0,7.400000095367432,60.0,60.0
train,NSA0319,NSA_补充开源实验数据_500_SMILES_标签补全.xlsx,Sheet1,320,CC1(C)CC[C@@]2(CC[C@]3(C)C(=CC[C@@H]4[C@@]5(C)CC[C@H](O)C(C)(C)[C@@H]5CC[C@@]34C)[C@@H]2C1)C(O)=O,CN1[C@H]2N(CCc3c2[nH]c4ccccc34)C(=O)c5ccccc15,0,1.0,0.6000000238418579,20.0,7.0,2.0,480.0
train,NSA0320,NSA_补充开源实验数据_500_SMILES_标签补全.xlsx,Sheet1,321,CC1=C(O)C(=O)C=C2C1=CC=C3[C@@]2(C)CC[C@@]4(C)[C@@H]5C[C@@](C)(CC[C@]5(C)CC[C@]34C)C(O)=O,COc1cc(\C=C\C(O)=C\C(=O)/C=C/c2ccc(O)c(OC)c2)ccc1O,0,1.0,1.0,20.0,7.0,30.0,120.0
train,NSA0321,NSA_补充开源实验数据_500_SMILES_标签补全.xlsx,Sheet1,322,COc1ccc2cc3c4cc5OCOc5cc4CC[n+]3cc2c1OC,O.O[C@H]1Cc2c(O)cc(O)cc2O[C@@H]1c3ccc(O)c(O)c3,0,1.0,0.5,20.0,7.400000095367432,60.0,60.0
train,NSA0323,NSA_补充开源实验数据_500_SMILES_标签补全.xlsx,Sheet1,324,O[C@@H]1C[C@](O)(C[C@@H](OC(=O)\C=C\c2ccc(O)c(O)c2)[C@@H]1O)C(O)=O,C/C/1=C\[C@@H]2[C@@H]([C@@H](C/C(=C/C[C@@H]1OC(=O)C)/COC(=O)C)OC(=O)/C(=C/CO)/C)C(=C)C(=O)O2,1,1.0,0.5,20.0,7.0,25.0,1.0
train,NSA0324,NSA_补充开源实验数据_500_SMILES_标签补全.xlsx,Sheet1,325,O[C@@H]1C[C@](O)(C[C@@H](OC(=O)\C=C\c2ccc(O)c(O)c2)[C@@H]1O)C(O)=O,C/C/1=C\[C@@H]2[C@@H]([C@@H](C/C(=C/C[C@@H]1OC(=O)C)/COC(=O)C)OC(=O)/C(=C/CO)/C)C(=C)C(=O)O2,1,1.0,0.5,20.0,7.0,25.0,3.0
train,NSA0325,NSA_补充开源实验数据_500_SMILES_标签补全.xlsx,Sheet1,326,O[C@@H]1C[C@](O)(C[C@@H](OC(=O)\C=C\c2ccc(O)c(O)c2)[C@@H]1O)C(O)=O,C/C/1=C\[C@@H]2[C@@H]([C@@H](C/C(=C/C[C@@H]1OC(=O)C)/COC(=O)C)OC(=O)/C(=C/CO)/C)C(=C)C(=O)O2,1,1.0,0.5,20.0,7.0,25.0,5.0
train,NSA0326,NSA_补充开源实验数据_500_SMILES_标签补全.xlsx,Sheet1,327,O[C@@H]1C[C@](O)(C[C@@H](OC(=O)\C=C\c2ccc(O)c(O)c2)[C@@H]1O)C(O)=O,C/C/1=C\[C@@H]2[C@@H]([C@@H](C/C(=C/C[C@@H]1OC(=O)C)/COC(=O)C)OC(=O)/C(=C/CO)/C)C(=C)C(=O)O2,1,1.0,0.4166666567325592,20.0,7.0,25.0,1.0
train,NSA0327,NSA_补充开源实验数据_500_SMILES_标签补全.xlsx,Sheet1,328,O[C@@H]1C[C@](O)(C[C@@H](OC(=O)\C=C\c2ccc(O)c(O)c2)[C@@H]1O)C(O)=O,C/C/1=C\[C@@H]2[C@@H]([C@@H](C/C(=C/C[C@@H]1OC(=O)C)/COC(=O)C)OC(=O)/C(=C/CO)/C)C(=C)C(=O)O2,1,1.0,0.4166666567325592,20.0,7.0,25.0,4.0
train,NSA0328,NSA_补充开源实验数据_500_SMILES_标签补全.xlsx,Sheet1,329,O[C@@H]1C[C@](O)(C[C@@H](OC(=O)\C=C\c2ccc(O)c(O)c2)[C@@H]1O)C(O)=O,C/C/1=C\[C@@H]2[C@@H]([C@@H](C/C(=C/C[C@@H]1OC(=O)C)/COC(=O)C)OC(=O)/C(=C/CO)/C)C(=C)C(=O)O2,1,1.0,0.4166666567325592,20.0,7.0,25.0,5.0
train,NSA0329,NSA_补充开源实验数据_500_SMILES_标签补全.xlsx,Sheet1,330,O[C@@H]1C[C@](O)(C[C@@H](OC(=O)\C=C\c2ccc(O)c(O)c2)[C@@H]1O)C(O)=O,C/C/1=C\[C@@H]2[C@@H]([C@@H](C/C(=C/C[C@@H]1OC(=O)C)/COC(=O)C)OC(=O)/C(=C/CO)/C)C(=C)C(=O)O2,1,1.0,0.25,20.0,7.0,25.0,2.0
train,NSA0330,NSA_补充开源实验数据_500_SMILES_标签补全.xlsx,Sheet1,331,OC(=O)c1cc(O)c(O)c(O)c1,COc1ccc(C(C)=O)c(O)c1,1,1.0,2.0,20.0,7.0,40.0,10.0
train,NSA0331,NSA_补充开源实验数据_500_SMILES_标签补全.xlsx,Sheet1,332,OC(=O)c1cc(O)c(O)c(O)c1,COc1ccc(C(C)=O)c(O)c1,1,1.0,3.0,20.0,7.0,40.0,10.0
train,NSA0332,NSA_补充开源实验数据_500_SMILES_标签补全.xlsx,Sheet1,333,COc1ccc2cc3c4cc5OCOc5cc4CC[n+]3cc2c1OC,COc1ccc(C(C)=O)c(O)c1,1,1.0,3.0,20.0,7.0,40.0,10.0
train,NSA0333,NSA_补充开源实验数据_500_SMILES_标签补全.xlsx,Sheet1,334,COc1ccc2cc3c4cc5OCOc5cc4CC[n+]3cc2c1OC,COc1ccc(C(C)=O)c(O)c1,1,1.0,5.0,20.0,7.0,40.0,10.0
train,NSA0334,NSA_补充开源实验数据_500_SMILES_标签补全.xlsx,Sheet1,335,COc1ccc2cc3c4cc5OCOc5cc4CC[n+]3cc2c1OC,COc1ccc(C(C)=O)c(O)c1,1,1.0,7.0,20.0,7.0,40.0,10.0
train,NSA0335,NSA_补充开源实验数据_500_SMILES_标签补全.xlsx,Sheet1,336,COc1ccc2cc3c4cc5OCOc5cc4CC[n+]3cc2c1OC,COc1ccc(C(C)=O)c(O)c1,1,1.0,0.5,20.0,7.0,40.0,10.0
train,NSA0336,NSA_补充开源实验数据_500_SMILES_标签补全.xlsx,Sheet1,337,C[C@@H]1CC[C@H]2[C@H]([C@H](O[C@H]3[C@@]24[C@H]1CC[C@](O3)(OO4)C)O)C,COc1ccc(C(C)=O)c(O)c1,1,1.0,4.0,20.0,7.0,40.0,10.0
train,NSA0337,NSA_补充开源实验数据_500_SMILES_标签补全.xlsx,Sheet1,338,C[C@@H]1CC[C@H]2[C@H]([C@H](O[C@H]3[C@@]24[C@H]1CC[C@](O3)(OO4)C)O)C,COc1ccc(C(C)=O)c(O)c1,1,1.0,5.0,20.0,7.0,40.0,10.0
train,NSA0338,NSA_补充开源实验数据_500_SMILES_标签补全.xlsx,Sheet1,339,C[C@@H]1CC[C@H]2[C@H]([C@H](O[C@H]3[C@@]24[C@H]1CC[C@](O3)(OO4)C)O)C,COc1ccc(C(C)=O)c(O)c1,1,1.0,6.0,20.0,7.0,40.0,10.0
train,NSA0339,NSA_补充开源实验数据_500_SMILES_标签补全.xlsx,Sheet1,340,C[C@@H]1CC[C@H]2[C@H]([C@H](O[C@H]3[C@@]24[C@H]1CC[C@](O3)(OO4)C)O)C,COc1ccc(C(C)=O)c(O)c1,1,1.0,7.0,20.0,7.0,40.0,10.0
train,NSA0340,NSA_补充开源实验数据_500_SMILES_标签补全.xlsx,Sheet1,341,C[C@@H]1CC[C@H]2[C@@H](C)[C@H](O[C@@H]3OC4(C)CC[C@@H]1[C@@]23OO4)OC(=O)CCC(O)=O,COc1ccc(C(C)=O)c(O)c1,1,1.0,3.0,20.0,7.0,40.0,10.0
train,NSA0341,NSA_补充开源实验数据_500_SMILES_标签补全.xlsx,Sheet1,342,C[C@@H]1CC[C@H]2[C@@H](C)[C@H](O[C@@H]3OC4(C)CC[C@@H]1[C@@]23OO4)OC(=O)CCC(O)=O,COc1ccc(C(C)=O)c(O)c1,1,1.0,5.0,20.0,7.0,40.0,10.0
train,NSA0342,NSA_补充开源实验数据_500_SMILES_标签补全.xlsx,Sheet1,343,C[C@@H]1CC[C@H]2[C@@H](C)[C@H](O[C@@H]3OC4(C)CC[C@@H]1[C@@]23OO4)OC(=O)CCC(O)=O,COc1ccc(C(C)=O)c(O)c1,1,1.0,6.0,20.0,7.0,40.0,10.0
train,NSA0343,NSA_补充开源实验数据_500_SMILES_标签补全.xlsx,Sheet1,344,C[C@@H]1CC[C@H]2[C@@H](C)[C@H](O[C@@H]3OC4(C)CC[C@@H]1[C@@]23OO4)OC(=O)CCC(O)=O,COc1ccc(C(C)=O)c(O)c1,1,1.0,7.0,20.0,7.0,40.0,10.0
train,NSA0344,NSA_补充开源实验数据_500_SMILES_标签补全.xlsx,Sheet1,345,C[C@@H]1CC[C@H]2[C@@H](C)[C@H](O[C@@H]3OC4(C)CC[C@@H]1[C@@]23OO4)OC(=O)CCC(O)=O,COc1ccc(C(C)=O)c(O)c1,1,1.0,8.0,20.0,7.0,40.0,10.0
train,NSA0345,NSA_补充开源实验数据_500_SMILES_标签补全.xlsx,Sheet1,346,C[C@@H]1CC[C@H]2[C@@H](C)[C@H](O[C@@H]3OC4(C)CC[C@@H]1[C@@]23OO4)OC(=O)CCC(O)=O,COc1ccc(C(C)=O)c(O)c1,1,1.0,10.0,20.0,7.0,40.0,10.0
train,NSA0346,NSA_补充开源实验数据_500_SMILES_标签补全.xlsx,Sheet1,347,C[C@@H]1CC[C@H]2[C@H]([C@H](O[C@H]3[C@@]24[C@H]1CC[C@](O3)(OO4)C)O)C,O[C@@H]1C[C@](O)(C[C@@H](OC(=O)\C=C\c2ccc(O)c(O)c2)[C@@H]1O)C(O)=O,1,1.0,4.0,20.0,7.0,40.0,10.0
train,NSA0347,NSA_补充开源实验数据_500_SMILES_标签补全.xlsx,Sheet1,348,C[C@@H]1CC[C@H]2[C@@H](C)[C@H](O[C@@H]3OC4(C)CC[C@@H]1[C@@]23OO4)OC(=O)CCC(O)=O,COc1ccc(C(C)=O)c(O)c1,1,1.0,3.0,10.0,7.0,40.0,10.0
train,NSA0348,NSA_补充开源实验数据_500_SMILES_标签补全.xlsx,Sheet1,349,C[C@@H]1CC[C@H]2[C@@H](C)[C@H](O[C@@H]3OC4(C)CC[C@@H]1[C@@]23OO4)OC(=O)CCC(O)=O,COc1ccc(C(C)=O)c(O)c1,1,1.0,10.0,10.0,7.0,40.0,10.0
train,NSA0349,NSA_补充开源实验数据_500_SMILES_标签补全.xlsx,Sheet1,350,C[C@@H]1CC[C@H]2[C@@H](C)[C@H](O[C@@H]3OC4(C)CC[C@@H]1[C@@]23OO4)OC(=O)CCC(O)=O,OC[C@H]1O[C@H]([C@H](O)[C@@H](O)[C@@H]1O)c2c(O)ccc3C(=O)C(=COc23)c4ccc(O)cc4,1,1.0,1.0,20.0,7.0,40.0,10.0
train,NSA0350,NSA_补充开源实验数据_500_SMILES_标签补全.xlsx,Sheet1,351,C[C@@H]1CC[C@H]2[C@@H](C)[C@H](O[C@@H]3OC4(C)CC[C@@H]1[C@@]23OO4)OC(=O)CCC(O)=O,OC[C@H]1O[C@H]([C@H](O)[C@@H](O)[C@@H]1O)c2c(O)ccc3C(=O)C(=COc23)c4ccc(O)cc4,1,1.0,2.0,20.0,7.0,40.0,10.0
train,NSA0351,NSA_补充开源实验数据_500_SMILES_标签补全.xlsx,Sheet1,352,C[C@@H]1CC[C@H]2[C@@H](C)[C@H](O[C@@H]3OC4(C)CC[C@@H]1[C@@]23OO4)OC(=O)CCC(O)=O,OC[C@H]1O[C@H]([C@H](O)[C@@H](O)[C@@H]1O)c2c(O)ccc3C(=O)C(=COc23)c4ccc(O)cc4,1,1.0,4.0,20.0,7.0,40.0,10.0
train,NSA0352,NSA_补充开源实验数据_500_SMILES_标签补全.xlsx,Sheet1,353,C[C@@H]1CC[C@H]2[C@@H](C)[C@H](O[C@@H]3OC4(C)CC[C@@H]1[C@@]23OO4)OC(=O)CCC(O)=O,OC[C@H]1O[C@H]([C@H](O)[C@@H](O)[C@@H]1O)c2c(O)ccc3C(=O)C(=COc23)c4ccc(O)cc4,1,1.0,5.0,20.0,7.0,40.0,10.0
train,NSA0353,NSA_补充开源实验数据_500_SMILES_标签补全.xlsx,Sheet1,354,C[C@@H]1CC[C@H]2[C@@H](C)[C@H](O[C@@H]3OC4(C)CC[C@@H]1[C@@]23OO4)OC(=O)CCC(O)=O,Cc1nc(C)c(C)nc1C,1,1.0,1.0,20.0,7.0,40.0,10.0
train,NSA0354,NSA_补充开源实验数据_500_SMILES_标签补全.xlsx,Sheet1,355,C[C@@H]1CC[C@H]2[C@@H](C)[C@H](O[C@@H]3OC4(C)CC[C@@H]1[C@@]23OO4)OC(=O)CCC(O)=O,Cc1nc(C)c(C)nc1C,1,1.0,2.0,20.0,7.0,40.0,10.0
train,NSA0355,NSA_补充开源实验数据_500_SMILES_标签补全.xlsx,Sheet1,356,C[C@@H]1CC[C@H]2[C@@H](C)[C@H](O[C@@H]3OC4(C)CC[C@@H]1[C@@]23OO4)OC(=O)CCC(O)=O,Cc1nc(C)c(C)nc1C,1,1.0,4.0,20.0,7.0,40.0,10.0
train,NSA0356,NSA_补充开源实验数据_500_SMILES_标签补全.xlsx,Sheet1,357,C[C@@H]1CC[C@H]2[C@@H](C)[C@H](O[C@@H]3OC4(C)CC[C@@H]1[C@@]23OO4)OC(=O)CCC(O)=O,Cc1nc(C)c(C)nc1C,1,1.0,5.0,20.0,7.0,40.0,10.0
train,NSA0357,NSA_补充开源实验数据_500_SMILES_标签补全.xlsx,Sheet1,358,C[C@@H]1CC[C@H]2[C@@H](C)[C@H](O[C@@H]3OC4(C)CC[C@@H]1[C@@]23OO4)OC(=O)CCC(O)=O,OC(=O)c1cc(O)c(O)c(O)c1,1,1.0,1.0,20.0,7.0,40.0,10.0
train,NSA0358,NSA_补充开源实验数据_500_SMILES_标签补全.xlsx,Sheet1,359,C[C@@H]1CC[C@H]2[C@@H](C)[C@H](O[C@@H]3OC4(C)CC[C@@H]1[C@@]23OO4)OC(=O)CCC(O)=O,OC(=O)c1cc(O)c(O)c(O)c1,1,1.0,3.0,20.0,7.0,40.0,10.0
train,NSA0359,NSA_补充开源实验数据_500_SMILES_标签补全.xlsx,Sheet1,360,C[C@@H]1CC[C@H]2[C@@H](C)[C@H](O[C@@H]3OC4(C)CC[C@@H]1[C@@]23OO4)OC(=O)CCC(O)=O,OC(=O)c1cc(O)c(O)c(O)c1,1,1.0,4.0,20.0,7.0,40.0,10.0
train,NSA0360,NSA_补充开源实验数据_500_SMILES_标签补全.xlsx,Sheet1,361,O[C@@H]1C[C@](O)(C[C@@H](OC(=O)\C=C\c2ccc(O)c(O)c2)[C@@H]1O)C(O)=O,COC(=O)C1=CO[C@@H](O[C@@H]2O[C@H](CO)[C@@H](O)[C@H](O)[C@H]2O)[C@H]3[C@@H]1CC=C3CO,0,1.0,1.0,3.3299999237060547,7.0,50.0,3.0
train,NSA0361,NSA_补充开源实验数据_500_SMILES_标签补全.xlsx,Sheet1,362,O[C@@H]1C[C@](O)(C[C@@H](OC(=O)\C=C\c2ccc(O)c(O)c2)[C@@H]1O)C(O)=O,COC(=O)C1=CO[C@@H](O[C@@H]2O[C@H](CO)[C@@H](O)[C@H](O)[C@H]2O)[C@H]3[C@@H]1CC=C3CO,0,1.0,0.75,2.9200000762939453,7.0,50.0,3.0
train,NSA0362,NSA_补充开源实验数据_500_SMILES_标签补全.xlsx,Sheet1,363,O[C@@H]1C[C@](O)(C[C@@H](OC(=O)\C=C\c2ccc(O)c(O)c2)[C@@H]1O)C(O)=O,COC(=O)C1=CO[C@@H](O[C@@H]2O[C@H](CO)[C@@H](O)[C@H](O)[C@H]2O)[C@H]3[C@@H]1CC=C3CO,0,1.0,0.5,2.5,7.0,50.0,3.0
train,NSA0363,NSA_补充开源实验数据_500_SMILES_标签补全.xlsx,Sheet1,364,O[C@@H]1C[C@](O)(C[C@@H](OC(=O)\C=C\c2ccc(O)c(O)c2)[C@@H]1O)C(O)=O,COC(=O)C1=CO[C@@H](O[C@@H]2O[C@H](CO)[C@@H](O)[C@H](O)[C@H]2O)[C@H]3[C@@H]1CC=C3CO,0,1.0,0.25,2.0799999237060547,7.0,50.0,3.0
train,NSA0364,NSA_补充开源实验数据_500_SMILES_标签补全.xlsx,Sheet1,365,O[C@@H]1C[C@](O)(C[C@@H](OC(=O)\C=C\c2ccc(O)c(O)c2)[C@@H]1O)C(O)=O,COC(=O)C1=CO[C@@H](O[C@@H]2O[C@H](CO)[C@@H](O)[C@H](O)[C@H]2O)[C@H]3[C@@H]1CC=C3CO,0,1.0,1.3333333730697632,2.9200000762939453,7.0,50.0,3.0
train,NSA0365,NSA_补充开源实验数据_500_SMILES_标签补全.xlsx,Sheet1,366,O[C@@H]1C[C@](O)(C[C@@H](OC(=O)\C=C\c2ccc(O)c(O)c2)[C@@H]1O)C(O)=O,COC(=O)C1=CO[C@@H](O[C@@H]2O[C@H](CO)[C@@H](O)[C@H](O)[C@H]2O)[C@H]3[C@@H]1CC=C3CO,0,1.0,2.0,2.5,7.0,50.0,3.0
train,NSA0366,NSA_补充开源实验数据_500_SMILES_标签补全.xlsx,Sheet1,367,O[C@@H]1C[C@](O)(C[C@@H](OC(=O)\C=C\c2ccc(O)c(O)c2)[C@@H]1O)C(O)=O,COC(=O)C1=CO[C@@H](O[C@@H]2O[C@H](CO)[C@@H](O)[C@H](O)[C@H]2O)[C@H]3[C@@H]1CC=C3CO,0,1.0,4.0,2.0799999237060547,7.0,50.0,3.0
train,NSA0367,NSA_补充开源实验数据_500_SMILES_标签补全.xlsx,Sheet1,368,O[C@@H]1C[C@](O)(C[C@@H](OC(=O)\C=C\c2ccc(O)c(O)c2)[C@@H]1O)C(O)=O,C/C/1=C\[C@@H]2[C@@H]([C@@H](C/C(=C/C[C@@H]1OC(=O)C)/COC(=O)C)OC(=O)/C(=C/CO)/C)C(=C)C(=O)O2,0,1.0,0.5,20.0,7.0,25.0,2.0
train,NSA0368,NSA_补充开源实验数据_500_SMILES_标签补全.xlsx,Sheet1,369,O[C@@H]1C[C@](O)(C[C@@H](OC(=O)\C=C\c2ccc(O)c(O)c2)[C@@H]1O)C(O)=O,C/C/1=C\[C@@H]2[C@@H]([C@@H](C/C(=C/C[C@@H]1OC(=O)C)/COC(=O)C)OC(=O)/C(=C/CO)/C)C(=C)C(=O)O2,0,1.0,0.5,20.0,7.0,25.0,4.0
train,NSA0369,NSA_补充开源实验数据_500_SMILES_标签补全.xlsx,Sheet1,370,O[C@@H]1C[C@](O)(C[C@@H](OC(=O)\C=C\c2ccc(O)c(O)c2)[C@@H]1O)C(O)=O,C/C/1=C\[C@@H]2[C@@H]([C@@H](C/C(=C/C[C@@H]1OC(=O)C)/COC(=O)C)OC(=O)/C(=C/CO)/C)C(=C)C(=O)O2,0,1.0,0.4166666567325592,20.0,7.0,25.0,2.0
train,NSA0370,NSA_补充开源实验数据_500_SMILES_标签补全.xlsx,Sheet1,371,O[C@@H]1C[C@](O)(C[C@@H](OC(=O)\C=C\c2ccc(O)c(O)c2)[C@@H]1O)C(O)=O,C/C/1=C\[C@@H]2[C@@H]([C@@H](C/C(=C/C[C@@H]1OC(=O)C)/COC(=O)C)OC(=O)/C(=C/CO)/C)C(=C)C(=O)O2,0,1.0,0.4166666567325592,20.0,7.0,25.0,3.0
train,NSA0371,NSA_补充开源实验数据_500_SMILES_标签补全.xlsx,Sheet1,372,O[C@@H]1C[C@](O)(C[C@@H](OC(=O)\C=C\c2ccc(O)c(O)c2)[C@@H]1O)C(O)=O,C/C/1=C\[C@@H]2[C@@H]([C@@H](C/C(=C/C[C@@H]1OC(=O)C)/COC(=O)C)OC(=O)/C(=C/CO)/C)C(=C)C(=O)O2,0,1.0,0.25,20.0,7.0,25.0,1.0
train,NSA0372,NSA_补充开源实验数据_500_SMILES_标签补全.xlsx,Sheet1,373,O[C@@H]1C[C@](O)(C[C@@H](OC(=O)\C=C\c2ccc(O)c(O)c2)[C@@H]1O)C(O)=O,C/C/1=C\[C@@H]2[C@@H]([C@@H](C/C(=C/C[C@@H]1OC(=O)C)/COC(=O)C)OC(=O)/C(=C/CO)/C)C(=C)C(=O)O2,0,1.0,0.25,20.0,7.0,25.0,3.0
train,NSA0373,NSA_补充开源实验数据_500_SMILES_标签补全.xlsx,Sheet1,374,O[C@@H]1C[C@](O)(C[C@@H](OC(=O)\C=C\c2ccc(O)c(O)c2)[C@@H]1O)C(O)=O,C/C/1=C\[C@@H]2[C@@H]([C@@H](C/C(=C/C[C@@H]1OC(=O)C)/COC(=O)C)OC(=O)/C(=C/CO)/C)C(=C)C(=O)O2,0,1.0,0.25,20.0,7.0,25.0,4.0
train,NSA0374,NSA_补充开源实验数据_500_SMILES_标签补全.xlsx,Sheet1,375,O[C@@H]1C[C@](O)(C[C@@H](OC(=O)\C=C\c2ccc(O)c(O)c2)[C@@H]1O)C(O)=O,C/C/1=C\[C@@H]2[C@@H]([C@@H](C/C(=C/C[C@@H]1OC(=O)C)/COC(=O)C)OC(=O)/C(=C/CO)/C)C(=C)C(=O)O2,0,1.0,0.25,20.0,7.0,25.0,5.0
train,NSA0375,NSA_补充开源实验数据_500_SMILES_标签补全.xlsx,Sheet1,376,OC(=O)c1cc(O)c(O)c(O)c1,COc1ccc(C(C)=O)c(O)c1,0,1.0,1.0,20.0,7.0,40.0,10.0
train,NSA0376,NSA_补充开源实验数据_500_SMILES_标签补全.xlsx,Sheet1,377,OC(=O)c1cc(O)c(O)c(O)c1,COc1ccc(C(C)=O)c(O)c1,0,1.0,0.5,20.0,7.0,40.0,10.0
train,NSA0377,NSA_补充开源实验数据_500_SMILES_标签补全.xlsx,Sheet1,378,OC(=O)c1cc(O)c(O)c(O)c1,COc1ccc(C(C)=O)c(O)c1,0,1.0,0.3333333432674408,20.0,7.0,40.0,10.0
train,NSA0378,NSA_补充开源实验数据_500_SMILES_标签补全.xlsx,Sheet1,379,C[C@@H]1CC[C@H]2[C@H]([C@H](O[C@H]3[C@@]24[C@H]1CC[C@](O3)(OO4)C)O)C,COc1ccc(C(C)=O)c(O)c1,0,1.0,2.0,20.0,7.0,40.0,10.0
train,NSA0379,NSA_补充开源实验数据_500_SMILES_标签补全.xlsx,Sheet1,380,C[C@@H]1CC[C@H]2[C@H]([C@H](O[C@H]3[C@@]24[C@H]1CC[C@](O3)(OO4)C)O)C,COc1ccc(C(C)=O)c(O)c1,0,1.0,3.0,20.0,7.0,40.0,10.0
train,NSA0380,NSA_补充开源实验数据_500_SMILES_标签补全.xlsx,Sheet1,381,C[C@@H]1CC[C@H]2[C@@H](C)[C@H](O[C@@H]3OC4(C)CC[C@@H]1[C@@]23OO4)OC(=O)CCC(O)=O,COc1ccc(C(C)=O)c(O)c1,0,1.0,1.0,20.0,7.0,40.0,10.0
train,NSA0381,NSA_补充开源实验数据_500_SMILES_标签补全.xlsx,Sheet1,382,C[C@@H]1CC[C@H]2[C@@H](C)[C@H](O[C@@H]3OC4(C)CC[C@@H]1[C@@]23OO4)OC(=O)CCC(O)=O,COc1ccc(C(C)=O)c(O)c1,0,1.0,2.0,20.0,7.0,40.0,10.0
train,NSA0382,NSA_补充开源实验数据_500_SMILES_标签补全.xlsx,Sheet1,383,C[C@@H]1CC[C@H]2[C@@H](C)[C@H](O[C@@H]3OC4(C)CC[C@@H]1[C@@]23OO4)OC(=O)CCC(O)=O,COc1ccc(C(C)=O)c(O)c1,0,1.0,4.0,20.0,7.0,40.0,10.0
train,NSA0383,NSA_补充开源实验数据_500_SMILES_标签补全.xlsx,Sheet1,384,C[C@@H]1CC[C@H]2[C@@H](C)[C@H](O[C@@H]3OC4(C)CC[C@@H]1[C@@]23OO4)OC(=O)CCC(O)=O,COc1ccc(C(C)=O)c(O)c1,0,1.0,9.0,20.0,7.0,40.0,10.0
train,NSA0384,NSA_补充开源实验数据_500_SMILES_标签补全.xlsx,Sheet1,385,C[C@@H]1CC[C@H]2[C@@H](C)[C@H](O[C@@H]3OC4(C)CC[C@@H]1[C@@]23OO4)OC(=O)CCC(O)=O,COc1ccc(C(C)=O)c(O)c1,0,1.0,0.5,20.0,7.0,40.0,10.0
train,NSA0385,NSA_补充开源实验数据_500_SMILES_标签补全.xlsx,Sheet1,386,C[C@@H]1CC[C@H]2[C@@H](C)[C@H](O[C@@H]3OC4(C)CC[C@@H]1[C@@]23OO4)OC(=O)CCC(O)=O,O[C@@H]1C[C@](O)(C[C@@H](OC(=O)\C=C\c2ccc(O)c(O)c2)[C@@H]1O)C(O)=O,0,1.0,1.0,10.0,7.0,40.0,10.0
train,NSA0386,NSA_补充开源实验数据_500_SMILES_标签补全.xlsx,Sheet1,387,C[C@@H]1CC[C@H]2[C@@H](C)[C@H](O[C@@H]3OC4(C)CC[C@@H]1[C@@]23OO4)OC(=O)CCC(O)=O,O[C@@H]1C[C@](O)(C[C@@H](OC(=O)\C=C\c2ccc(O)c(O)c2)[C@@H]1O)C(O)=O,0,1.0,2.0,10.0,7.0,40.0,10.0
train,NSA0387,NSA_补充开源实验数据_500_SMILES_标签补全.xlsx,Sheet1,388,C[C@@H]1CC[C@H]2[C@@H](C)[C@H](O[C@@H]3OC4(C)CC[C@@H]1[C@@]23OO4)OC(=O)CCC(O)=O,O[C@@H]1C[C@](O)(C[C@@H](OC(=O)\C=C\c2ccc(O)c(O)c2)[C@@H]1O)C(O)=O,0,1.0,3.0,10.0,7.0,40.0,10.0
train,NSA0388,NSA_补充开源实验数据_500_SMILES_标签补全.xlsx,Sheet1,389,C[C@@H]1CC[C@H]2[C@@H](C)[C@H](O[C@@H]3OC4(C)CC[C@@H]1[C@@]23OO4)OC(=O)CCC(O)=O,O[C@@H]1C[C@](O)(C[C@@H](OC(=O)\C=C\c2ccc(O)c(O)c2)[C@@H]1O)C(O)=O,0,1.0,4.0,10.0,7.0,40.0,10.0
train,NSA0389,NSA_补充开源实验数据_500_SMILES_标签补全.xlsx,Sheet1,390,C[C@@H]1CC[C@H]2[C@@H](C)[C@H](O[C@@H]3OC4(C)CC[C@@H]1[C@@]23OO4)OC(=O)CCC(O)=O,O[C@@H]1C[C@](O)(C[C@@H](OC(=O)\C=C\c2ccc(O)c(O)c2)[C@@H]1O)C(O)=O,0,1.0,5.0,10.0,7.0,40.0,10.0
train,NSA0390,NSA_补充开源实验数据_500_SMILES_标签补全.xlsx,Sheet1,391,C[C@@H]1CC[C@H]2[C@@H](C)[C@H](O[C@@H]3OC4(C)CC[C@@H]1[C@@]23OO4)OC(=O)CCC(O)=O,O[C@@H]1C[C@](O)(C[C@@H](OC(=O)\C=C\c2ccc(O)c(O)c2)[C@@H]1O)C(O)=O,0,1.0,0.5,10.0,7.0,40.0,10.0
train,NSA0391,NSA_补充开源实验数据_500_SMILES_标签补全.xlsx,Sheet1,392,C[C@@H]1CC[C@H]2[C@@H](C)[C@H](O[C@@H]3OC4(C)CC[C@@H]1[C@@]23OO4)OC(=O)CCC(O)=O,O[C@@H]1C[C@](O)(C[C@@H](OC(=O)\C=C\c2ccc(O)c(O)c2)[C@@H]1O)C(O)=O,0,1.0,0.20000000298023224,10.0,7.0,40.0,10.0
train,NSA0392,NSA_补充开源实验数据_500_SMILES_标签补全.xlsx,Sheet1,393,C[C@@H]1CC[C@H]2[C@@H](C)[C@H](O[C@@H]3OC4(C)CC[C@@H]1[C@@]23OO4)OC(=O)CCC(O)=O,COc1ccc(C(C)=O)c(O)c1,0,1.0,12.0,10.0,7.0,40.0,10.0
train,NSA0393,NSA_补充开源实验数据_500_SMILES_标签补全.xlsx,Sheet1,394,C[C@@H]1CC[C@H]2[C@@H](C)[C@H](O[C@@H]3OC4(C)CC[C@@H]1[C@@]23OO4)OC(=O)CCC(O)=O,OC[C@H]1O[C@H]([C@H](O)[C@@H](O)[C@@H]1O)c2c(O)ccc3C(=O)C(=COc23)c4ccc(O)cc4,0,1.0,3.0,20.0,7.0,40.0,10.0
train,NSA0394,NSA_补充开源实验数据_500_SMILES_标签补全.xlsx,Sheet1,395,C[C@@H]1CC[C@H]2[C@@H](C)[C@H](O[C@@H]3OC4(C)CC[C@@H]1[C@@]23OO4)OC(=O)CCC(O)=O,Cc1nc(C)c(C)nc1C,0,1.0,3.0,20.0,7.0,40.0,10.0
train,NSA0395,NSA_补充开源实验数据_500_SMILES_标签补全.xlsx,Sheet1,396,C[C@@H]1CC[C@H]2[C@@H](C)[C@H](O[C@@H]3OC4(C)CC[C@@H]1[C@@]23OO4)OC(=O)CCC(O)=O,OC(=O)c1cc(O)c(O)c(O)c1,0,1.0,2.0,20.0,7.0,40.0,10.0
train,NSA0396,NSA_补充开源实验数据_500_SMILES_标签补全.xlsx,Sheet1,397,C[C@@H]1CC[C@H]2[C@@H](C)[C@H](O[C@@H]3OC4(C)CC[C@@H]1[C@@]23OO4)OC(=O)CCC(O)=O,OC(=O)c1cc(O)c(O)c(O)c1,0,1.0,5.0,20.0,7.0,40.0,10.0
train,NSA0397,NSA_补充开源实验数据_500_SMILES_标签补全.xlsx,Sheet1,398,C[C@@H]1CC[C@H]2[C@@H](C)[C@H](O[C@@H]3OC4(C)CC[C@@H]1[C@@]23OO4)OC(=O)CCC(O)=O,O[C@@H]1C[C@](O)(C[C@@H](OC(=O)\C=C\c2ccc(O)c(O)c2)[C@@H]1O)C(O)=O,0,1.0,1.0,20.0,7.0,40.0,10.0
train,NSA0398,NSA_补充开源实验数据_500_SMILES_标签补全.xlsx,Sheet1,399,C[C@@H]1CC[C@H]2[C@@H](C)[C@H](O[C@@H]3OC4(C)CC[C@@H]1[C@@]23OO4)OC(=O)CCC(O)=O,O[C@@H]1C[C@](O)(C[C@@H](OC(=O)\C=C\c2ccc(O)c(O)c2)[C@@H]1O)C(O)=O,0,1.0,2.0,20.0,7.0,40.0,10.0
train,NSA0399,NSA_补充开源实验数据_500_SMILES_标签补全.xlsx,Sheet1,400,C[C@@H]1CC[C@H]2[C@@H](C)[C@H](O[C@@H]3OC4(C)CC[C@@H]1[C@@]23OO4)OC(=O)CCC(O)=O,O[C@@H]1C[C@](O)(C[C@@H](OC(=O)\C=C\c2ccc(O)c(O)c2)[C@@H]1O)C(O)=O,0,1.0,3.0,20.0,7.0,40.0,10.0
train,NSA0400,NSA_补充开源实验数据_500_SMILES_标签补全.xlsx,Sheet1,401,C[C@@H]1CC[C@H]2[C@@H](C)[C@H](O[C@@H]3OC4(C)CC[C@@H]1[C@@]23OO4)OC(=O)CCC(O)=O,O[C@@H]1C[C@](O)(C[C@@H](OC(=O)\C=C\c2ccc(O)c(O)c2)[C@@H]1O)C(O)=O,0,1.0,5.0,20.0,7.0,40.0,10.0
train,NSA0401,NSA_补充开源实验数据_500_SMILES_标签补全.xlsx,Sheet1,402,C[C@@H]1CC[C@H]2[C@@H](C)[C@H](O[C@@H]3OC4(C)CC[C@@H]1[C@@]23OO4)OC(=O)CCC(O)=O,C=CCC1=CC(=C(C=C1)O)C2=C(C=CC(=C2)CC=C)O,0,1.0,1.0,20.0,7.0,40.0,10.0
train,NSA0402,NSA_补充开源实验数据_500_SMILES_标签补全.xlsx,Sheet1,403,C[C@@H]1CC[C@H]2[C@@H](C)[C@H](O[C@@H]3OC4(C)CC[C@@H]1[C@@]23OO4)OC(=O)CCC(O)=O,C=CCC1=CC(=C(C=C1)O)C2=C(C=CC(=C2)CC=C)O,0,1.0,2.0,20.0,7.0,40.0,10.0
train,NSA0403,NSA_补充开源实验数据_500_SMILES_标签补全.xlsx,Sheet1,404,C[C@@H]1CC[C@H]2[C@@H](C)[C@H](O[C@@H]3OC4(C)CC[C@@H]1[C@@]23OO4)OC(=O)CCC(O)=O,C=CCC1=CC(=C(C=C1)O)C2=C(C=CC(=C2)CC=C)O,0,1.0,3.0,20.0,7.0,40.0,10.0
train,NSA0404,NSA_补充开源实验数据_500_SMILES_标签补全.xlsx,Sheet1,405,C[C@@H]1CC[C@H]2[C@@H](C)[C@H](O[C@@H]3OC4(C)CC[C@@H]1[C@@]23OO4)OC(=O)CCC(O)=O,C=CCC1=CC(=C(C=C1)O)C2=C(C=CC(=C2)CC=C)O,0,1.0,4.0,20.0,7.0,40.0,10.0
train,NSA0405,NSA_补充开源实验数据_500_SMILES_标签补全.xlsx,Sheet1,406,C[C@@H]1CC[C@H]2[C@@H](C)[C@H](O[C@@H]3OC4(C)CC[C@@H]1[C@@]23OO4)OC(=O)CCC(O)=O,C=CCC1=CC(=C(C=C1)O)C2=C(C=CC(=C2)CC=C)O,0,1.0,5.0,20.0,7.0,40.0,10.0
train,NSA0406,NSA_补充开源实验数据_500_SMILES_标签补全.xlsx,Sheet1,407,C[C@@H]1CC[C@H]2[C@H]([C@H](O[C@H]3[C@@]24[C@H]1CC[C@](O3)(OO4)C)O)C,CC(C)=CCC[C@@]1(C)Oc2c(CC=C(C)C)c3O[C@@]45C6CC(C=C4C(=O)c3c(O)c2C=C1)C(=O)C5(C\C=C(\C)C(O)=O)OC6(C)C,0,1.0,0.25,22.0,7.0,25.0,3.0
train,NSA0407,NSA_补充开源实验数据_500_SMILES_标签补全.xlsx,Sheet1,408,C[C@@H]1CC[C@H]2[C@H]([C@H](O[C@H]3[C@@]24[C@H]1CC[C@](O3)(OO4)C)O)C,CC(C)=CCC[C@@]1(C)Oc2c(CC=C(C)C)c3O[C@@]45C6CC(C=C4C(=O)c3c(O)c2C=C1)C(=O)C5(C\C=C(\C)C(O)=O)OC6(C)C,0,1.0,0.3333333432674408,22.0,7.0,25.0,3.0
train,NSA0408,NSA_补充开源实验数据_500_SMILES_标签补全.xlsx,Sheet1,409,C[C@@H]1CC[C@H]2[C@H]([C@H](O[C@H]3[C@@]24[C@H]1CC[C@](O3)(OO4)C)O)C,CC(C)=CCC[C@@]1(C)Oc2c(CC=C(C)C)c3O[C@@]45C6CC(C=C4C(=O)c3c(O)c2C=C1)C(=O)C5(C\C=C(\C)C(O)=O)OC6(C)C,0,1.0,0.6666666865348816,22.0,7.0,25.0,3.0
train,NSA0409,NSA_补充开源实验数据_500_SMILES_标签补全.xlsx,Sheet1,410,C[C@@H]1CC[C@H]2[C@H]([C@H](O[C@H]3[C@@]24[C@H]1CC[C@](O3)(OO4)C)O)C,C[C@@H]1CC[C@H]2[C@@H](C)[C@H](O[C@@H]3OC4(C)CC[C@@H]1[C@@]23OO4)OC(=O)CCC(O)=O,0,1.0,0.25,20.0,7.0,25.0,3.0
train,NSA0410,NSA_补充开源实验数据_500_SMILES_标签补全.xlsx,Sheet1,411,C[C@@H]1CC[C@H]2[C@H]([C@H](O[C@H]3[C@@]24[C@H]1CC[C@](O3)(OO4)C)O)C,C[C@@H]1CC[C@H]2[C@@H](C)[C@H](O[C@@H]3OC4(C)CC[C@@H]1[C@@]23OO4)OC(=O)CCC(O)=O,0,1.0,0.3333333432674408,20.0,7.0,25.0,3.0
train,NSA0411,NSA_补充开源实验数据_500_SMILES_标签补全.xlsx,Sheet1,412,C[C@@H]1CC[C@H]2[C@H]([C@H](O[C@H]3[C@@]24[C@H]1CC[C@](O3)(OO4)C)O)C,C[C@@H]1CC[C@H]2[C@@H](C)[C@H](O[C@@H]3OC4(C)CC[C@@H]1[C@@]23OO4)OC(=O)CCC(O)=O,0,1.0,0.5,20.0,7.0,25.0,3.0
train,NSA0412,NSA_补充开源实验数据_500_SMILES_标签补全.xlsx,Sheet1,413,C[C@@H]1CC[C@H]2[C@H]([C@H](O[C@H]3[C@@]24[C@H]1CC[C@](O3)(OO4)C)O)C,C[C@@H]1CC[C@H]2[C@@H](C)[C@H](O[C@@H]3OC4(C)CC[C@@H]1[C@@]23OO4)OC(=O)CCC(O)=O,0,1.0,1.0,20.0,7.0,25.0,3.0
train,NSA0413,NSA_补充开源实验数据_500_SMILES_标签补全.xlsx,Sheet1,414,Cc1cc(O)c2C(=O)c3c(O)cc(O)cc3C(=O)c2c1,OC(=O)[C@@H](Cc1ccc(O)c(O)c1)OC(=O)/C=C/c2ccc(O)c(O)c2,0,1.0,1.0,20.0,7.0,25.0,3.0
train,NSA0414,NSA_补充开源实验数据_500_SMILES_标签补全.xlsx,Sheet1,415,Cc1cc(O)c2C(=O)c3c(O)cc(O)cc3C(=O)c2c1,C[C@@H]1CC[C@H]2[C@@H](C)[C@H](O[C@@H]3OC4(C)CC[C@@H]1[C@@]23OO4)OC(=O)CCC(O)=O,0,1.0,1.0,20.0,7.0,25.0,3.0
train,NSA0415,NSA_补充开源实验数据_500_SMILES_标签补全.xlsx,Sheet1,416,Cc1cc(O)c2C(=O)c3c(O)cc(O)cc3C(=O)c2c1,Oc1cc(O)c2C(=O)C(=C(Oc2c1)c3ccc(O)c(O)c3)O,0,1.0,1.0,20.0,7.0,25.0,3.0
train,NSA0416,NSA_补充开源实验数据_500_SMILES_标签补全.xlsx,Sheet1,417,OC(=O)[C@@H](Cc1ccc(O)c(O)c1)OC(=O)/C=C/c2ccc(O)c(O)c2,CC(C)=CCCC(C)(O[C@@H]1O[C@H](COC2O[C@H](CO)[C@@H](O)[C@H](O)[C@H]2O)[C@@H](O)[C@H](O)[C@H]1O)[C@H]3CC[C@]4(C)[C@@H]3[C@H](O)C[C@@H]5[C@@]6(C)CC[C@H](O[C@@H]7O[C@H](CO)[C@@H](O)[C@H](O)[C@H]7O[C@@H]8O[C@H](CO)[C@@H](O)[C@H](O)[C@H]8O)C(C)(C)[C@@H]6CC[C@@]45C,0,1.0,0.5,20.0,7.0,25.0,3.0
train,NSA0417,NSA_补充开源实验数据_500_SMILES_标签补全.xlsx,Sheet1,418,OC(=O)[C@@H](Cc1ccc(O)c(O)c1)OC(=O)/C=C/c2ccc(O)c(O)c2,CC(C)=CCCC(C)(O[C@@H]1O[C@H](COC2O[C@H](CO)[C@@H](O)[C@H](O)[C@H]2O)[C@@H](O)[C@H](O)[C@H]1O)[C@H]3CC[C@]4(C)[C@@H]3[C@H](O)C[C@@H]5[C@@]6(C)CC[C@H](O[C@@H]7O[C@H](CO)[C@@H](O)[C@H](O)[C@H]7O[C@@H]8O[C@H](CO)[C@@H](O)[C@H](O)[C@H]8O)C(C)(C)[C@@H]6CC[C@@]45C,0,1.0,0.3333333432674408,20.0,7.0,25.0,3.0
train,NSA0418,NSA_补充开源实验数据_500_SMILES_标签补全.xlsx,Sheet1,419,OC(=O)[C@@H](Cc1ccc(O)c(O)c1)OC(=O)/C=C/c2ccc(O)c(O)c2,CC(C)=CCCC(C)(O[C@@H]1O[C@H](COC2O[C@H](CO)[C@@H](O)[C@H](O)[C@H]2O)[C@@H](O)[C@H](O)[C@H]1O)[C@H]3CC[C@]4(C)[C@@H]3[C@H](O)C[C@@H]5[C@@]6(C)CC[C@H](O[C@@H]7O[C@H](CO)[C@@H](O)[C@H](O)[C@H]7O[C@@H]8O[C@H](CO)[C@@H](O)[C@H](O)[C@H]8O)C(C)(C)[C@@H]6CC[C@@]45C,0,1.0,0.25,20.0,7.0,25.0,3.0
train,NSA0419,NSA_补充开源实验数据_500_SMILES_标签补全.xlsx,Sheet1,420,Cc1cc(O)c2C(=O)c3c(O)cc(O)cc3C(=O)c2c1,CC(C)=CCC(O)C1=CC(=O)c2c(O)ccc(O)c2C1=O,0,1.0,1.0,20.0,7.0,25.0,3.0
train,NSA0420,NSA_补充开源实验数据_500_SMILES_标签补全.xlsx,Sheet1,421,Cc1cc(O)c2C(=O)c3c(O)cc(O)cc3C(=O)c2c1,CC(C)=CCC(O)C1=CC(=O)c2c(O)ccc(O)c2C1=O,0,1.0,0.5,20.0,7.0,25.0,3.0
train,NSA0421,NSA_补充开源实验数据_500_SMILES_标签补全.xlsx,Sheet1,422,Cc1cc(O)c2C(=O)c3c(O)cc(O)cc3C(=O)c2c1,CC(C)=CCC(O)C1=CC(=O)c2c(O)ccc(O)c2C1=O,0,1.0,0.3333333432674408,20.0,7.0,25.0,3.0
train,NSA0422,NSA_补充开源实验数据_500_SMILES_标签补全.xlsx,Sheet1,423,Cc1cc(O)c2C(=O)c3c(O)cc(O)cc3C(=O)c2c1,CC(C)=CCC(O)C1=CC(=O)c2c(O)ccc(O)c2C1=O,0,1.0,0.5,20.0,7.0,25.0,3.0
train,NSA0423,NSA_补充开源实验数据_500_SMILES_标签补全.xlsx,Sheet1,424,Cc1cc(O)c2C(=O)c3c(O)cc(O)cc3C(=O)c2c1,CC(C)=CCC(O)C1=CC(=O)c2c(O)ccc(O)c2C1=O,0,1.0,0.3333333432674408,20.0,7.0,25.0,3.0
train,NSA0424,NSA_补充开源实验数据_500_SMILES_标签补全.xlsx,Sheet1,425,Cc1cc(O)c2C(=O)c3c(O)cc(O)cc3C(=O)c2c1,CC(C)=CCC(O)C1=CC(=O)c2c(O)ccc(O)c2C1=O,0,1.0,0.25,20.0,7.0,25.0,3.0
train,NSA0425,NSA_补充开源实验数据_500_SMILES_标签补全.xlsx,Sheet1,426,Cc1cc(O)c2C(=O)c3c(O)cc(O)cc3C(=O)c2c1,CC(C)=CCC(O)C1=CC(=O)c2c(O)ccc(O)c2C1=O,0,1.0,2.0,20.0,7.0,25.0,3.0
train,NSA0426,NSA_补充开源实验数据_500_SMILES_标签补全.xlsx,Sheet1,427,Cc1cc(O)c2C(=O)c3c(O)cc(O)cc3C(=O)c2c1,CC(C)=CCC(O)C1=CC(=O)c2c(O)ccc(O)c2C1=O,0,1.0,3.0,20.0,7.0,25.0,3.0
train,NSA0427,NSA_补充开源实验数据_500_SMILES_标签补全.xlsx,Sheet1,428,Cc1cc(O)c2C(=O)c3c(O)cc(O)cc3C(=O)c2c1,CC(C)=CCC(O)C1=CC(=O)c2c(O)ccc(O)c2C1=O,0,1.0,4.0,20.0,7.0,25.0,3.0
train,NSA0428,NSA_补充开源实验数据_500_SMILES_标签补全.xlsx,Sheet1,429,C[C@@H]1CC[C@H]2[C@@H](C)[C@H](O[C@@H]3OC4(C)CC[C@@H]1[C@@]23OO4)OC(=O)CCC(O)=O,O[C@@H]1[C@@H](O)[C@@H](O[C@@H]([C@H]1O)C(O)=O)Oc2cc3OC(=CC(=O)c3c(O)c2O)c4ccccc4,0,1.0,0.5,30.0,7.400000095367432,40.0,3.0
train,NSA0429,NSA_补充开源实验数据_500_SMILES_标签补全.xlsx,Sheet1,430,C[C@@H]1CC[C@H]2[C@@H](C)[C@H](O[C@@H]3OC4(C)CC[C@@H]1[C@@]23OO4)OC(=O)CCC(O)=O,O[C@@H]1[C@@H](O)[C@@H](O[C@@H]([C@H]1O)C(O)=O)Oc2cc3OC(=CC(=O)c3c(O)c2O)c4ccccc4,0,1.0,1.0,20.0,7.400000095367432,40.0,3.0
train,NSA0430,NSA_补充开源实验数据_500_SMILES_标签补全.xlsx,Sheet1,431,C[C@@H]1CC[C@H]2[C@@H](C)[C@H](O[C@@H]3OC4(C)CC[C@@H]1[C@@]23OO4)OC(=O)CCC(O)=O,O[C@@H]1[C@@H](O)[C@@H](O[C@@H]([C@H]1O)C(O)=O)Oc2cc3OC(=CC(=O)c3c(O)c2O)c4ccccc4,0,1.0,2.0,30.0,7.400000095367432,40.0,3.0
train,NSA0431,NSA_补充开源实验数据_500_SMILES_标签补全.xlsx,Sheet1,432,C[C@@H]1CC[C@H]2[C@@H](C)[C@H](O[C@@H]3OC4(C)CC[C@@H]1[C@@]23OO4)OC(=O)CCC(O)=O,CC(C)=CCCC(C)(O[C@@H]1O[C@H](COC2O[C@H](CO)[C@@H](O)[C@H](O)[C@H]2O)[C@@H](O)[C@H](O)[C@H]1O)[C@H]3CC[C@]4(C)[C@@H]3[C@H](O)C[C@@H]5[C@@]6(C)CC[C@H](O[C@@H]7O[C@H](CO)[C@@H](O)[C@H](O)[C@H]7O[C@@H]8O[C@H](CO)[C@@H](O)[C@H](O)[C@H]8O)C(C)(C)[C@@H]6CC[C@@]45C,0,1.0,0.5,30.0,7.400000095367432,40.0,3.0
train,NSA0432,NSA_补充开源实验数据_500_SMILES_标签补全.xlsx,Sheet1,433,C[C@@H]1CC[C@H]2[C@@H](C)[C@H](O[C@@H]3OC4(C)CC[C@@H]1[C@@]23OO4)OC(=O)CCC(O)=O,CC(C)=CCCC(C)(O[C@@H]1O[C@H](COC2O[C@H](CO)[C@@H](O)[C@H](O)[C@H]2O)[C@@H](O)[C@H](O)[C@H]1O)[C@H]3CC[C@]4(C)[C@@H]3[C@H](O)C[C@@H]5[C@@]6(C)CC[C@H](O[C@@H]7O[C@H](CO)[C@@H](O)[C@H](O)[C@H]7O[C@@H]8O[C@H](CO)[C@@H](O)[C@H](O)[C@H]8O)C(C)(C)[C@@H]6CC[C@@]45C,0,1.0,1.0,20.0,7.400000095367432,40.0,3.0
train,NSA0433,NSA_补充开源实验数据_500_SMILES_标签补全.xlsx,Sheet1,434,C[C@@H]1CC[C@H]2[C@@H](C)[C@H](O[C@@H]3OC4(C)CC[C@@H]1[C@@]23OO4)OC(=O)CCC(O)=O,CC(C)=CCCC(C)(O[C@@H]1O[C@H](COC2O[C@H](CO)[C@@H](O)[C@H](O)[C@H]2O)[C@@H](O)[C@H](O)[C@H]1O)[C@H]3CC[C@]4(C)[C@@H]3[C@H](O)C[C@@H]5[C@@]6(C)CC[C@H](O[C@@H]7O[C@H](CO)[C@@H](O)[C@H](O)[C@H]7O[C@@H]8O[C@H](CO)[C@@H](O)[C@H](O)[C@H]8O)C(C)(C)[C@@H]6CC[C@@]45C,0,1.0,2.0,30.0,7.400000095367432,40.0,3.0
train,NSA0434,NSA_补充开源实验数据_500_SMILES_标签补全.xlsx,Sheet1,435,C[C@@H]1CC[C@H]2[C@@H](C)[C@H](O[C@@H]3OC4(C)CC[C@@H]1[C@@]23OO4)OC(=O)CCC(O)=O,CC(C)=CCCC(C)(O[C@@H]1O[C@H](COC2O[C@H](CO)[C@@H](O)[C@H](O)[C@H]2O)[C@@H](O)[C@H](O)[C@H]1O)[C@H]3CC[C@]4(C)[C@@H]3[C@H](O)C[C@@H]5[C@@]6(C)CC[C@H](O[C@@H]7O[C@H](CO)[C@@H](O)[C@H](O)[C@H]7O[C@@H]8O[C@H](CO)[C@@H](O)[C@H](O)[C@H]8O)C(C)(C)[C@@H]6CC[C@@]45C,0,1.0,2.5,35.0,7.400000095367432,40.0,3.0
train,NSA0435,NSA_补充开源实验数据_500_SMILES_标签补全.xlsx,Sheet1,436,C[C@@H]1CC[C@H]2[C@@H](C)[C@H](O[C@@H]3OC4(C)CC[C@@H]1[C@@]23OO4)OC(=O)CCC(O)=O,CC(C)=CCCC(C)(O[C@@H]1O[C@H](COC2O[C@H](CO)[C@@H](O)[C@H](O)[C@H]2O)[C@@H](O)[C@H](O)[C@H]1O)[C@H]3CC[C@]4(C)[C@@H]3[C@H](O)C[C@@H]5[C@@]6(C)CC[C@H](O[C@@H]7O[C@H](CO)[C@@H](O)[C@H](O)[C@H]7O[C@@H]8O[C@H](CO)[C@@H](O)[C@H](O)[C@H]8O)C(C)(C)[C@@H]6CC[C@@]45C,0,1.0,3.0,40.0,7.400000095367432,40.0,3.0
train,NSA0436,NSA_补充开源实验数据_500_SMILES_标签补全.xlsx,Sheet1,437,C[C@@H]1CC[C@H]2[C@@H](C)[C@H](O[C@@H]3OC4(C)CC[C@@H]1[C@@]23OO4)OC(=O)CCC(O)=O,CC1(C)CC[C@]2(CO3)[C@H](O)C[C@@]4(C)[C@]([C@]5([H])C=C[C@]43[C@]2([H])C1)(C)CC[C@@]([C@]5(C)CC6)([H])[C@@](CO)(C)[C@H]6O[C@@](O[C@H](C)[C@@H]7O)([H])[C@H](O)[C@H]7O[C@@]8([H])[C@H](O)[C@@H](O)[C@H](O)[C@@H](CO)O8,0,1.0,1.0,20.0,7.400000095367432,40.0,3.0
train,NSA0437,NSA_补充开源实验数据_500_SMILES_标签补全.xlsx,Sheet1,438,C[C@@H]1CC[C@H]2[C@@H](C)[C@H](O[C@@H]3OC4(C)CC[C@@H]1[C@@]23OO4)OC(=O)CCC(O)=O,CC1(C)CC[C@]2(CO3)[C@H](O)C[C@@]4(C)[C@]([C@]5([H])C=C[C@]43[C@]2([H])C1)(C)CC[C@@]([C@]5(C)CC6)([H])[C@@](CO)(C)[C@H]6O[C@@](O[C@H](C)[C@@H]7O)([H])[C@H](O)[C@H]7O[C@@]8([H])[C@H](O)[C@@H](O)[C@H](O)[C@@H](CO)O8,0,1.0,2.0,30.0,7.400000095367432,40.0,3.0
train,NSA0438,NSA_补充开源实验数据_500_SMILES_标签补全.xlsx,Sheet1,439,C[C@@H]1CC[C@H]2[C@@H](C)[C@H](O[C@@H]3OC4(C)CC[C@@H]1[C@@]23OO4)OC(=O)CCC(O)=O,[H][C@@]12[C@H](CC[C@@]1(C)[C@]1(C)C[C@H](O[C@@H]3O[C@H](CO)[C@@H](O)[C@H](O)[C@H]3O)[C@@]3([H])C(C)(C)[C@@H](O)CC[C@]3(C)[C@@]1([H])C[C@H]2O)[C@](C)(CCC=C(C)C)O[C@@H]1O[C@H](CO)[C@@H](O)[C@H](O)[C@H]1O,0,1.0,0.5,30.0,7.400000095367432,40.0,3.0
train,NSA0439,NSA_补充开源实验数据_500_SMILES_标签补全.xlsx,Sheet1,440,C[C@@H]1CC[C@H]2[C@@H](C)[C@H](O[C@@H]3OC4(C)CC[C@@H]1[C@@]23OO4)OC(=O)CCC(O)=O,[H][C@@]12[C@H](CC[C@@]1(C)[C@]1(C)C[C@H](O[C@@H]3O[C@H](CO)[C@@H](O)[C@H](O)[C@H]3O)[C@@]3([H])C(C)(C)[C@@H](O)CC[C@]3(C)[C@@]1([H])C[C@H]2O)[C@](C)(CCC=C(C)C)O[C@@H]1O[C@H](CO)[C@@H](O)[C@H](O)[C@H]1O,0,1.0,1.0,20.0,7.400000095367432,40.0,3.0
train,NSA0440,NSA_补充开源实验数据_500_SMILES_标签补全.xlsx,Sheet1,441,C[C@@H]1CC[C@H]2[C@@H](C)[C@H](O[C@@H]3OC4(C)CC[C@@H]1[C@@]23OO4)OC(=O)CCC(O)=O,[H][C@@]12[C@H](CC[C@@]1(C)[C@]1(C)C[C@H](O[C@@H]3O[C@H](CO)[C@@H](O)[C@H](O)[C@H]3O)[C@@]3([H])C(C)(C)[C@@H](O)CC[C@]3(C)[C@@]1([H])C[C@H]2O)[C@](C)(CCC=C(C)C)O[C@@H]1O[C@H](CO)[C@@H](O)[C@H](O)[C@H]1O,0,1.0,2.0,30.0,7.400000095367432,40.0,3.0
train,NSA0441,NSA_补充开源实验数据_500_SMILES_标签补全.xlsx,Sheet1,442,C[C@@H]1CC[C@H]2[C@@H](C)[C@H](O[C@@H]3OC4(C)CC[C@@H]1[C@@]23OO4)OC(=O)CCC(O)=O,[H][C@@]12[C@H](CC[C@@]1(C)[C@]1(C)C[C@H](O[C@@H]3O[C@H](CO)[C@@H](O)[C@H](O)[C@H]3O)[C@@]3([H])C(C)(C)[C@@H](O)CC[C@]3(C)[C@@]1([H])C[C@H]2O)[C@](C)(CCC=C(C)C)O[C@@H]1O[C@H](CO)[C@@H](O)[C@H](O)[C@H]1O,0,1.0,2.5,35.0,7.400000095367432,40.0,3.0
train,NSA0442,NSA_补充开源实验数据_500_SMILES_标签补全.xlsx,Sheet1,443,C[C@@H]1CC[C@H]2[C@@H](C)[C@H](O[C@@H]3OC4(C)CC[C@@H]1[C@@]23OO4)OC(=O)CCC(O)=O,CC(C)=CCC[C@](C)(O)[C@H]1CC[C@]2(C)[C@@H]1[C@H](O)C[C@@H]1[C@@]3(C)CC[C@H](O[C@@H]4O[C@H](CO)[C@@H](O)[C@H](O)[C@H]4O[C@@H]4O[C@H](CO)[C@@H](O)[C@H](O)[C@H]4O)C(C)(C)[C@@H]3CC[C@@]21C,0,1.0,0.5,30.0,7.400000095367432,40.0,3.0
train,NSA0443,NSA_补充开源实验数据_500_SMILES_标签补全.xlsx,Sheet1,444,C[C@@H]1CC[C@H]2[C@@H](C)[C@H](O[C@@H]3OC4(C)CC[C@@H]1[C@@]23OO4)OC(=O)CCC(O)=O,CC(C)=CCC[C@](C)(O)[C@H]1CC[C@]2(C)[C@@H]1[C@H](O)C[C@@H]1[C@@]3(C)CC[C@H](O[C@@H]4O[C@H](CO)[C@@H](O)[C@H](O)[C@H]4O[C@@H]4O[C@H](CO)[C@@H](O)[C@H](O)[C@H]4O)C(C)(C)[C@@H]3CC[C@@]21C,0,1.0,1.0,20.0,7.400000095367432,40.0,3.0
train,NSA0444,NSA_补充开源实验数据_500_SMILES_标签补全.xlsx,Sheet1,445,C[C@@H]1CC[C@H]2[C@@H](C)[C@H](O[C@@H]3OC4(C)CC[C@@H]1[C@@]23OO4)OC(=O)CCC(O)=O,CC(C)=CCC[C@](C)(O)[C@H]1CC[C@]2(C)[C@@H]1[C@H](O)C[C@@H]1[C@@]3(C)CC[C@H](O[C@@H]4O[C@H](CO)[C@@H](O)[C@H](O)[C@H]4O[C@@H]4O[C@H](CO)[C@@H](O)[C@H](O)[C@H]4O)C(C)(C)[C@@H]3CC[C@@]21C,0,1.0,2.0,30.0,7.400000095367432,40.0,3.0
train,NSA0445,NSA_补充开源实验数据_500_SMILES_标签补全.xlsx,Sheet1,446,C[C@@H]1CC[C@H]2[C@@H](C)[C@H](O[C@@H]3OC4(C)CC[C@@H]1[C@@]23OO4)OC(=O)CCC(O)=O,CC(C)=CCC[C@](C)(O)[C@H]1CC[C@]2(C)[C@@H]1[C@H](O)C[C@@H]1[C@@]3(C)CC[C@H](O[C@@H]4O[C@H](CO)[C@@H](O)[C@H](O)[C@H]4O[C@@H]4O[C@H](CO)[C@@H](O)[C@H](O)[C@H]4O)C(C)(C)[C@@H]3CC[C@@]21C,0,1.0,2.5,35.0,7.400000095367432,40.0,3.0
train,NSA0446,NSA_补充开源实验数据_500_SMILES_标签补全.xlsx,Sheet1,447,CC(C)=CCC(O)C1=CC(=O)c2c(O)ccc(O)c2C1=O,CC(C)=CCCC(C)(O[C@@H]1O[C@H](COC2O[C@H](CO)[C@@H](O)[C@H](O)[C@H]2O)[C@@H](O)[C@H](O)[C@H]1O)[C@H]3CC[C@]4(C)[C@@H]3[C@H](O)C[C@@H]5[C@@]6(C)CC[C@H](O[C@@H]7O[C@H](CO)[C@@H](O)[C@H](O)[C@H]7O[C@@H]8O[C@H](CO)[C@@H](O)[C@H](O)[C@H]8O)C(C)(C)[C@@H]6CC[C@@]45C,0,1.0,0.5,30.0,7.400000095367432,40.0,3.0
train,NSA0447,NSA_补充开源实验数据_500_SMILES_标签补全.xlsx,Sheet1,448,CC(C)=CCC(O)C1=CC(=O)c2c(O)ccc(O)c2C1=O,CC(C)=CCCC(C)(O[C@@H]1O[C@H](COC2O[C@H](CO)[C@@H](O)[C@H](O)[C@H]2O)[C@@H](O)[C@H](O)[C@H]1O)[C@H]3CC[C@]4(C)[C@@H]3[C@H](O)C[C@@H]5[C@@]6(C)CC[C@H](O[C@@H]7O[C@H](CO)[C@@H](O)[C@H](O)[C@H]7O[C@@H]8O[C@H](CO)[C@@H](O)[C@H](O)[C@H]8O)C(C)(C)[C@@H]6CC[C@@]45C,0,1.0,1.0,20.0,7.400000095367432,40.0,3.0
train,NSA0448,NSA_补充开源实验数据_500_SMILES_标签补全.xlsx,Sheet1,449,CC(C)=CCC(O)C1=CC(=O)c2c(O)ccc(O)c2C1=O,CC(C)=CCCC(C)(O[C@@H]1O[C@H](COC2O[C@H](CO)[C@@H](O)[C@H](O)[C@H]2O)[C@@H](O)[C@H](O)[C@H]1O)[C@H]3CC[C@]4(C)[C@@H]3[C@H](O)C[C@@H]5[C@@]6(C)CC[C@H](O[C@@H]7O[C@H](CO)[C@@H](O)[C@H](O)[C@H]7O[C@@H]8O[C@H](CO)[C@@H](O)[C@H](O)[C@H]8O)C(C)(C)[C@@H]6CC[C@@]45C,0,1.0,2.0,30.0,7.400000095367432,40.0,3.0
train,NSA0449,NSA_补充开源实验数据_500_SMILES_标签补全.xlsx,Sheet1,450,CC(C)=CCC(O)C1=CC(=O)c2c(O)ccc(O)c2C1=O,CC(C)=CCCC(C)(O[C@@H]1O[C@H](COC2O[C@H](CO)[C@@H](O)[C@H](O)[C@H]2O)[C@@H](O)[C@H](O)[C@H]1O)[C@H]3CC[C@]4(C)[C@@H]3[C@H](O)C[C@@H]5[C@@]6(C)CC[C@H](O[C@@H]7O[C@H](CO)[C@@H](O)[C@H](O)[C@H]7O[C@@H]8O[C@H](CO)[C@@H](O)[C@H](O)[C@H]8O)C(C)(C)[C@@H]6CC[C@@]45C,0,1.0,3.0,40.0,7.400000095367432,40.0,3.0
train,NSA0450,NSA_补充开源实验数据_500_SMILES_标签补全.xlsx,Sheet1,451,CC(C)=CCC(O)C1=CC(=O)c2c(O)ccc(O)c2C1=O,CC(C)=CCCC(C)(O[C@@H]1O[C@H](COC2O[C@H](CO)[C@@H](O)[C@H](O)[C@H]2O)[C@@H](O)[C@H](O)[C@H]1O)[C@H]3CC[C@]4(C)[C@@H]3[C@H](O)C[C@@H]5[C@@]6(C)CC[C@H](O[C@@H]7O[C@H](CO)[C@@H](O)[C@H](O)[C@H]7O[C@@H]8O[C@H](CO)[C@@H](O)[C@H](O)[C@H]8O)C(C)(C)[C@@H]6CC[C@@]45C,0,1.0,4.0,50.0,7.400000095367432,40.0,3.0
